StrainID,ShortStrainCode,RRNATaxonomy,StrainIdentifierValue,StrainNameAlt,RCAMCollectionID
"1","IB2014А01-2","Streptomyces sp.","Streptomyces sp.  IB2014А01-2","Streptomyces sp.  IB2014А01-2",""
"2","IB2014А02-2","Pseudonocardia sp.","Pseudonocardia sp.  IB2014А02-2","Pseudonocardia sp.  IB2014А02-2","RCAM03474"
"3","IB2014А02-2","Pseudonocardia sp.","Pseudonocardia sp.  IB2014А02-3","Pseudonocardia sp.  IB2014А02-3","RCAM03474"
"4","IB2014А08-1","Micromonospora sp.","Micromonospora sp. IB2014А08-1","Micromonospora sp. IB2014А08-1","RCAM03473"
"5","IB2014А010-1","Streptomyces sp.","Streptomyces sp. IB2014А010-1","Streptomyces sp. IB2014А010-1","RCAM03463"
"6","IB2014А010-2","Streptomyces sp.","Streptomyces sp.  IB2014А010-2","Streptomyces sp.  IB2014А010-2",""
"7","IB2014А010-3","Streptomyces sp.","Streptomyces sp. IB2014А010-3","Streptomyces sp. IB2014А010-3",""
"8","IB2014А 011-1","Streptomyces sp.","Streptomyces sp.  IB2014А011-1","Streptomyces sp.  IB2014А011-1","RCAM03464"
"9","IB2014А 011-2","Streptomyces sp.","Streptomyces sp.  IB2014А011-2","Streptomyces sp.  IB2014А011-2",""
"10","IB2014А 011-3","Streptomyces sp.","Streptomyces sp.  IB2014А011-3","Streptomyces sp.  IB2014А011-3",""
"11","IB2014А 011-6","Streptomyces sp.","Streptomyces sp.  IB2014А011-6","Streptomyces sp.  IB2014А011-6",""
"12","IB2014А 011-7","Nocardia sp.","Nocardia sp. IB2014А011-7","Nocardia sp. IB2014А011-7",""
"13","IB2014А 011-9","Nocardia sp.","Nocardia sp. IB2014А011-8","Nocardia sp. IB2014А011-8","RCAM03476"
"14","IB2014А 011-10","Streptomyces sp.","Streptomyces sp.  IB2014А011-10","Streptomyces sp.  IB2014А011-10",""
"15","IB2014А011-11","Agromyces sp.","Agromyces sp.  IB2014А011-11","Agromyces sp.  IB2014А011-11","RCAM03465"
"16","IB2014А011-12","Streptomyces sp.","Streptomyces sp.  IB2014А011-12","Streptomyces sp.  IB2014А011-12",""
"17","IB2014А011-13","Streptomyces sp.","Streptomyces sp.  IB2014А011-13","Streptomyces sp.  IB2014А011-13",""
"18","IB2014А014-5","Nocardia sp.","Nocardia sp. IB2014А014-5","Nocardia sp. IB2014А014-5","RCAM03466"
"19","IB2014А 016-1","Streptomyces sp.","Streptomyces sp.  IB2014А016-1","Streptomyces sp.  IB2014А016-1",""
"20","IB2014А 016-2","Streptomyces sp.","Streptomyces sp.  IB2014А016-2","Streptomyces sp.  IB2014А016-2","RCAM04092"
"21","IB2014А 016-5","Streptomyces sp.","Streptomyces sp.  IB2014А016-5","Streptomyces sp.  IB2014А016-5",""
"22","IB2014А 016-6","Streptomyces sp.","Streptomyces sp.  IB2014А016-6","Streptomyces sp.  IB2014А016-6","RCAM03467"
"23","IB2014А 016-9","Aeromicrobium sp.","Aeromicrobium sp.  IB2014А016-9","Aeromicrobium sp.  IB2014А016-9","RCAM03468"
"24","IB2014А 017-1","Nocardia sp.","Nocardia sp. IB2014А017-1","Nocardia sp. IB2014А017-1",""
"25","IB2014А 017-3","Nocardia sp.","Nocardia sp. IB2014А017-3","Nocardia sp. IB2014А017-3","RCAM03469"
"26","IB2014А 017-6","Nocardia sp.","Nocardia sp. IB2014А017-6","Nocardia sp. IB2014А017-6",""
"27","IB2014А 017-7","Nocardia sp.","Nocardia sp. IB2014А017-7","Nocardia sp. IB2014А017-7","RCAM03470"
"28","05-1-HS","Micromonospora sp.","Micromonospora sp. IB2014А05-1HS","Micromonospora sp. IB2014А05-1HS",""
"29","011-1-HS","Nocardia sp.","Nocardia sp. IB2014А11-1HS","Nocardia sp. IB2014А11-1HS",""
"30","011-2-HS","Micromonospora sp.","Micromonospora sp.  IB2014А011-2HS","Micromonospora sp.  IB2014А011-2HS",""
"31","011-4","Streptomyces sp.","Streptomyces sp. IB2014А011-4","Streptomyces sp. IB2014А011-4",""
"32","017-4","Nocardia sp.","Nocardia sp. IB2014А17-4","Nocardia sp. IB2014А17-4",""
"33","019-1HS","Streptomyces sp.","Streptomyces sp.IB2015A019-1HS","Streptomyces sp.IB2015A019-1HS","RCAM04741"
"34","IB2015А57-1","Streptomyces sp.","Streptomyces sp. IB2015А57-1","Streptomyces sp. IB2015А57-1",""
"35","IB2015А57-2","Streptomyces sp.","Streptomyces sp. IB2015А57-2","Streptomyces sp. IB2015А57-2",""
"36","IB2015А61-1","Streptomyces sp.","Streptomyces sp. IB2015А61-1","Streptomyces sp. IB2015А61-1",""
"37","IB2015А61-2","Streptomyces sp.","Streptomyces sp. IB2015А61-2","Streptomyces sp. IB2015А61-2",""
"38","IB2017M1-1HS","","IB2017M1-1HS","IB2017M1-1HS",""
"39","IB2017M5-1HS","","IB2017M5-1HS","IB2017M5-1HS",""
"40","IB2017M35-1HS","","IB2017M35-1HS","IB2017M35-1HS",""
"41","IB2017M35-3HS","","IB2017M35-3HS","IB2017M35-3HS",""
"42","IB2017M33-1-100HS","","IB2017M33-1-100HS","IB2017M33-1-100HS",""
"43","IB2017M33-2","","IB2017M33-2","IB2017M33-2",""
"44","IB2017M25-2-100HS","","IB2017M25-2-100HS","IB2017M25-2-100HS",""
"45","IB2017M25-1","","IB2017M25-1","IB2017M25-1",""
"46","IB2017M40-1-100HS","","IB2017M40-1-100HS","IB2017M40-1-100HS",""
"47","IB2017M41-1-100HS","","IB2017M41-1-100HS","IB2017M41-1-100HS",""
"48","IB2017M42-1-100HS","","IB2017M42-1-100HS","IB2017M42-1-100HS",""
"49","IB2017M43-1","","IB2017M43-1","IB2017M43-1",""
"50","IB2015 LN-A-2015-1","Streptomyces sp.","Streptomyces sp.IB2015 LN-A-2015-1","Streptomyces sp.IB2015 LN-A-2015-1",""
"51","IB2015 LN-A-2015-2","Streptomyces sp.","Streptomyces sp.IB2015 LN-A-2015-2","Streptomyces sp.IB2015 LN-A-2015-2",""
"52","IB2015 LN-A-2015-3","Streptomyces sp.","Streptomyces sp.IB2015 LN-A-2015-3","Streptomyces sp.IB2015 LN-A-2015-3",""
"53","IB2015 LN-A-2015-4","Streptomyces sp.","Streptomyces sp.IB2015 LN-A-2015-4","Streptomyces sp.IB2015 LN-A-2015-4",""
"54","IB2015 LN-A-2015-5","Streptomyces sp.","Streptomyces sp.IB2015 LN-A-2015-5","Streptomyces sp.IB2015 LN-A-2015-5",""
"55","IB2015 LN-A-2015-6","Streptomyces sp.","Streptomyces sp.IB2015 LN-A-2015-6","Streptomyces sp.IB2015 LN-A-2015-6",""
"56","IB2015 LN-A-2015-7","Streptomyces sp.","Streptomyces sp.IB2015 LN-A-2015-7","Streptomyces sp.IB2015 LN-A-2015-7",""
"57","IB2015 LN-A-2015-8","Streptomyces sp.","Streptomyces sp.IB2015 LN-A-2015-8","Streptomyces sp.IB2015 LN-A-2015-8",""
"58","IB2015 LN-A-2015-9","Streptomyces sp.","Streptomyces sp.IB2015 LN-A-2015-9","Streptomyces sp.IB2015 LN-A-2015-9",""
"59","IB2015 LN-A-2015-10","Streptomyces sp.","Streptomyces sp.IB2015 LN-A-2015-10","Streptomyces sp.IB2015 LN-A-2015-10",""
"60","IB2015 LN-A-2015-11","Streptomyces sp.","Streptomyces sp.IB2015 LN-A-2015-11","Streptomyces sp.IB2015 LN-A-2015-11",""
"61","IB2015 LN-A-2015-12","Streptomyces sp.","Streptomyces sp.IB2015 LN-A-2015-12","Streptomyces sp.IB2015 LN-A-2015-12",""
"62","IB2015 LN-A-2015-13","Streptomyces sp.","Streptomyces sp.IB2015 LN-A-2015-13","Streptomyces sp.IB2015 LN-A-2015-13",""
"63","IB2015 LN-A-2015-14","Streptomyces sp.","Streptomyces sp.IB2015 LN-A-2015-14","Streptomyces sp.IB2015 LN-A-2015-14",""
"64","IB2015 LN-A-2015-2015","Streptomyces sp.","Streptomyces sp.IB2015 LN-A-2015-15","Streptomyces sp.IB2015 LN-A-2015-15",""
"65","IB2015 LN-A-2015-16","Streptomyces sp.","Streptomyces sp.IB2015 LN-A-2015-16","Streptomyces sp.IB2015 LN-A-2015-16",""
"66","IB2015 LN-A-2015-17","Streptomyces sp.","Streptomyces sp.IB2015 LN-A-2015-17","Streptomyces sp.IB2015 LN-A-2015-17",""
"67","IB2015 LN-A-2015-18","Streptomyces sp.","Streptomyces sp.IB2015 LN-A-2015-18","Streptomyces sp.IB2015 LN-A-2015-18",""
"68","IB2015 LN-A-2015-19","Streptomyces sp.","Streptomyces sp.IB2015 LN-A-2015-19","Streptomyces sp.IB2015 LN-A-2015-19",""
"69","IB2015 LN-A-2015-20","Streptomyces sp.","Streptomyces sp.IB2015 LN-A-2015-20","Streptomyces sp.IB2015 LN-A-2015-20",""
"70","IB2015 LN-A-2015-21","Streptomyces sp.","Streptomyces sp.IB2015 LN-A-2015-21","Streptomyces sp.IB2015 LN-A-2015-21",""
"71","IB2015 LN-A-2015-22","Streptomyces sp.","Streptomyces sp.IB2015 LN-A-2015-22","Streptomyces sp.IB2015 LN-A-2015-22",""
"72","IB2015 LN-A-2015-23","Streptomyces sp.","Streptomyces sp.IB2015 LN-A-2015-23","Streptomyces sp.IB2015 LN-A-2015-23",""
"73","IB2015 LN-A-2015-24","Streptomyces sp.","Streptomyces sp.IB2015 LN-A-2015-24","Streptomyces sp.IB2015 LN-A-2015-24",""
"74","IB2015 LN-A-2015-25","Streptomyces sp.","Streptomyces sp.IB2015 LN-A-2015-25","Streptomyces sp.IB2015 LN-A-2015-25",""
"75","IB2015 LN-A-2015-26","Streptomyces sp.","Streptomyces sp.IB2015 LN-A-2015-26","Streptomyces sp.IB2015 LN-A-2015-26",""
"76","IB2015 LN-A-2015-27","Streptomyces sp.","Streptomyces sp.IB2015 LN-A-2015-27","Streptomyces sp.IB2015 LN-A-2015-27",""
"77","IB2015 LN-A-2015-28","Streptomyces sp.","Streptomyces sp.IB2015 LN-A-2015-28","Streptomyces sp.IB2015 LN-A-2015-28",""
"78","IB2015 LN-A-2015-29","Streptomyces sp.","Streptomyces sp.IB2015 LN-A-2015-29","Streptomyces sp.IB2015 LN-A-2015-29",""
"79","IB2015 LN-A-2015-30","Streptomyces sp.","Streptomyces sp.IB2015 LN-A-2015-30","Streptomyces sp.IB2015 LN-A-2015-30",""
"80","IB2015 LN-A-2015-31","Streptomyces sp.","Streptomyces sp.IB2015 LN-A-2015-31","Streptomyces sp.IB2015 LN-A-2015-31",""
"81","IB2015 LN-A-2015-32","Streptomyces sp.","Streptomyces sp.IB2015 LN-A-2015-32","Streptomyces sp.IB2015 LN-A-2015-32",""
"82","IB2015 LN-A-2015-6HS","Streptomyces sp.","Streptomyces sp.IB2015 LN-A-2015-6HS","Streptomyces sp.IB2015 LN-A-2015-6HS",""
"83","IB2015 LN-A-2015-2HS","Streptomyces sp.","Streptomyces sp.IB2015 LN-A-2015-2HS","Streptomyces sp.IB2015 LN-A-2015-2HS",""
"84","IB2015 LN-A-2015-11HS","Streptomyces sp.","Streptomyces sp.IB2015 LN-A-2015-11HS","Streptomyces sp.IB2015 LN-A-2015-11HS",""
"85","IB2015 LN-A-2015-7HS","Streptomyces sp.","Streptomyces sp.IB2015 LN-A-2015-7HS","Streptomyces sp.IB2015 LN-A-2015-7HS",""
"86","IB2015 LN-A-2015-4HS","Streptomyces sp.","Streptomyces sp.IB2015 LN-A-2015-4HS","Streptomyces sp.IB2015 LN-A-2015-4HS",""
"87","IB2015 LN-A-2015-10HS","Streptomyces sp.","Streptomyces sp.IB2015 LN-A-2015-10HS","Streptomyces sp.IB2015 LN-A-2015-10HS",""
"88","IB2015 LN-A-2015-3HS","Streptomyces sp.","Streptomyces sp.IB2015 LN-A-2015-3HS","Streptomyces sp.IB2015 LN-A-2015-3HS",""
"89","IB2015 LN-A-2015-5HS","Streptomyces sp.","Streptomyces sp.IB2015 LN-A-2015-5HS","Streptomyces sp.IB2015 LN-A-2015-5HS",""
"90","IB2015 LN-A-2015-22HS","Streptomyces sp.","Streptomyces sp.IB2015 LN-A-2015-22HS","Streptomyces sp.IB2015 LN-A-2015-22HS",""
"91","IB2015 LN-A-2015-33HS","Streptomyces sp.","Streptomyces sp.IB2015 LN-A-2015-33HS","Streptomyces sp.IB2015 LN-A-2015-33HS",""
"92","IB2015 LN-A-2015-34HS","Streptomyces sp.","Streptomyces sp.IB2015 LN-A-2015-34HS","Streptomyces sp.IB2015 LN-A-2015-34HS",""
"93","IB2015 LN-A-2015-35HS","Streptomyces sp.","Streptomyces sp.IB2015 LN-A-2015-35HS","Streptomyces sp.IB2015 LN-A-2015-35HS",""
"94","IB2015 LN-A-2015-36HS","Streptomyces sp.","Streptomyces sp.IB2015 LN-A-2015-36HS","Streptomyces sp.IB2015 LN-A-2015-36HS",""
"95","IB2015 LN-A-2015-37HS","Streptomyces sp.","Streptomyces sp.IB2015 LN-A-2015-37HS","Streptomyces sp.IB2015 LN-A-2015-37HS",""
"96","IB2015 LN-A-2015-38HS","Streptomyces sp.","Streptomyces sp.IB2015 LN-A-2015-38HS","Streptomyces sp.IB2015 LN-A-2015-38HS",""
"97","IB2015 LN-A-2015-39HS","Streptomyces sp.","Streptomyces sp.IB2015 LN-A-2015-39HS","Streptomyces sp.IB2015 LN-A-2015-39HS",""
"98","IB2015 LN-A-2015-40HS","Streptomyces sp.","Streptomyces sp.IB2015 LN-A-2015-40HS","Streptomyces sp.IB2015 LN-A-2015-40HS",""
"99","IB2015 LN-A-2015-41HS","Streptomyces sp.","Streptomyces sp.IB2015 LN-A-2015-41HS","Streptomyces sp.IB2015 LN-A-2015-41HS",""
"100","IB2015 LN-A-2015-42HS","Streptomyces sp.","Streptomyces sp.IB2015 LN-A-2015-42HS","Streptomyces sp.IB2015 LN-A-2015-42HS",""
"101","IB2015 LN-A-2015-43HS","Streptomyces sp.","Streptomyces sp.IB2015 LN-A-2015-43HS","Streptomyces sp.IB2015 LN-A-2015-43HS",""
"102","IB2015 LN-A-2015-44HS","Streptomyces sp.","Streptomyces sp.IB2015 LN-A-2015-44HS","Streptomyces sp.IB2015 LN-A-2015-44HS",""
"103","IB2015 LN-A-2015-45HS","Streptomyces sp.","Streptomyces sp.IB2015 LN-A-2015-45HS","Streptomyces sp.IB2015 LN-A-2015-45HS",""
"104","IB2015I70-1","Streptomyces sp.","Streptomyces sp. IB2015I70-1","Streptomyces sp. IB2015I70-1",""
"105","300/300-1HS","","300/300-1HS","300/300-1HS",""
"106","IB2015A90-10HS","Streptomyces sp.","Streptomyces sp. IB2015A90-10HS","Streptomyces sp. IB2015A90-10HS",""
"107","IB2015A90-12","Rhodococcus sp.","Rhodococcus sp.IB2015A90-12","Rhodococcus sp.IB2015A90-12",""
"108","IB2015A90-14","Streptomyces sp.","Streptomyces sp.IB2015A90-14","Streptomyces sp.IB2015A90-14",""
"109","IB2015I90-15","Streptomyces sp.","Streptomyces sp. IB2015I90-15","Streptomyces sp. IB2015I90-15",""
"110","IB2015I90-17HS","","IB2015I90-17HS","IB2015I90-17HS",""
"111","IB2019U1","Kocuria rhizophila","Kocuria rhizophila IB2019U1","Kocuria rhizophila IB2019U1",""
"112","IB2015A90-19HS","","IB2015I90-19HS","IB2015I90-19HS",""
"113","IB2019U2","Rhodococcus fascialis","Rhodococcus fascialis IB2019U2","Rhodococcus fascialis IB2019U2",""
"114","IB2015I90-24","","IB2015I90-24","IB2015I90-24",""
"115","IB2015I90-25HS","","IB2015I90-25HS","IB2015I90-25HS",""
"116","IB2015I90-26HS","Streptomyces sp.","Streptomyces sp. IB2015I90-26HS","Streptomyces sp. IB2015I90-26HS",""
"117","IB2015A90-30HS","","IB2015I90-30HS","IB2015I90-30HS",""
"118","IB2015A90-32HS","Streptomyces sp.","Streptomyces sp. IB2015A90-32HS","Streptomyces sp. IB2015A90-32HS",""
"119","IB2015A93-16HS","Streptomyces sp.","Streptomyces sp. IB2015A93-16HS","Streptomyces sp. IB2015A93-16HS",""
"120","IB2015A95-8","Streptomyces sp.","Streptomyces sp. IB2015A95-8","Streptomyces sp. IB2015A95-8",""
"121","IB2015A96-9","Rhodococcus sp.","Rhodococcus sp. IB2015A96-9","Rhodococcus sp. IB2015A96-9",""
"122","IB2015I97-5","","IB2015I97-5","IB2015I97-5",""
"123","IB2019U3","Microbacterium hydrocarbonoxydans","Microbacterium hydrocarbonoxydans IB2019U3","Microbacterium hydrocarbonoxydans IB2019U3",""
"124","IB2018U25-3HS","Streptomyces sp.","Streptomyces sp. IB2018U25-3HS","Streptomyces sp. IB2018U25-3HS",""
"125","IB2018I25-3HS","Streptomyces sp.","Streptomyces sp. IB2018U25-3HS","Streptomyces sp. IB2018U25-3HS",""
"126","IB2015I34-2","","IB2015I34-2","IB2015I34-2",""
"127","IB 2016R78-2HS","","IB 2016R78-2HS","IB 2016R78-2HS",""
"128","IB 2016R78-4HS","","IB 2016R78-4HS","IB 2016R78-4HS",""
"129","IB 2016G78-4HS","","IB 2016G78-4HS","IB 2016G78-4HS",""
"130","IB2016R78-5HS","Streptomyces sp.","Streptomyces sp.IB2016R78-5HS","Streptomyces sp.IB2016R78-5HS",""
"131","IB2016R78-9HS","Rhodococcus sp.","Rhodococcus sp.IB 2016R78-9HS","Rhodococcus sp.IB 2016R78-9HS",""
"132","IB2018U99-2","Streptomyces sp.","Streptomyces sp.IB 2018U99-2","Streptomyces sp.IB 2018U99-2",""
"133","IB 2016R78-7","Streptomyces sp.","Streptomyces sp. IB 2016R78-7","Streptomyces sp. IB 2016R78-7",""
"134","IB 2016G99-1","Micromonospora sp.","Micromonospora sp. IB 2016G99-1","Micromonospora sp. IB 2016G99-1",""
"135","IB 2016R78-10","","IB 2016R78-10","IB 2016R78-10",""
"136","IB 2016R78-8","","IB 2016R78-8","IB 2016R78-8",""
"137","IB 2018U99-3","Streptomyces sp.","Streptomyces sp.IB 2018U99-3","Streptomyces sp.IB 2018U99-3",""
"138","IB 2016R78-13","Streptomyces sp.","Streptomyces sp.IB 2016R78-13","Streptomyces sp.IB 2016R78-13",""
"139","IB 2018U18-2HS","Streptomyces sp.","Streptomyces sp.IB 2018U18-2HS","Streptomyces sp.IB 2018U18-2HS",""
"140","IB 2016R78-3HS","Streptomyces sp.","Streptomyces sp.IB 2016R78-3HS","Streptomyces sp.IB 2016R78-3HS",""
"141","IB 2018U35-2HS","Streptomyces sp.","Streptomyces sp. IB 2018U35-2HS","Streptomyces sp. IB 2018U35-2HS",""
"142","IB 2016R28-2HS","Streptomyces sp.","Streptomyces sp.IB 2016R28-2HS","Streptomyces sp.IB 2016R28-2HS",""
"143","IB 2018U35-3HS","Streptomyces sp.","Streptomyces sp.IB 2018U35-3HS","Streptomyces sp.IB 2018U35-3HS",""
"144","IB 2016R78-1HS","Streptomyces sp.","Streptomyces sp.IB 2016R78-1HS","Streptomyces sp.IB 2016R78-1HS",""
"145","IB 2016R78-12","Streptomyces sp.","Streptomyces sp.IB 2016R78-12","Streptomyces sp.IB 2016R78-12",""
"146","IB 2016G35-1HS","Streptomyces sp.","Streptomyces sp. IB 2016G35-1HS","Streptomyces sp. IB 2016G35-1HS",""
"147","IB 2016R28-1HS","Streptomyces sp.","Streptomyces sp.IB 2016R28-1HS","Streptomyces sp.IB 2016R28-1HS","RCAM04726"
"148","IB 2016R78-11HS","","IB 2016R78-11HS","IB 2016R78-11HS",""
"149","IB 2016R78-6HS","","IB 2016R78-6HS","IB 2016R78-6HS",""
"150","IB 2015A89-1","Nocardia sp.","Nocardia sp. IB 2015A89-1","Nocardia sp. IB 2015A89-1",""
"151","IB 2015A89-3HS","Janibacter sp.","Janibacter sp. IB 2015A89-3HS","Janibacter sp. IB 2015A89-3HS",""
"152","IB 2015A89-4HS","Micromonospora sp.","Micromonospora sp. IB 2015A89-4HS","Micromonospora sp. IB 2015A89-4HS",""
"153","IB 2015A89-5HS","Streptomyces sp.","Streptomyces sp. IB 2015A89-5HS","Streptomyces sp. IB 2015A89-5HS",""
"154","IB 2015A89-2HS","Streptomyces sp.","Streptomyces sp. IB 2015A89-2HS","Streptomyces sp. IB 2015A89-2HS",""
"155","IB 2015A90-1","","IB 2015A90-1","IB 2015A90-1",""
"156","IB 2015A90-2","","IB 2015A90-2","IB 2015A90-2",""
"157","IB 2015A90-3","","IB 2015A90-3","IB 2015A90-3",""
"158","IB 2015A90-4","Streptomyces sp.","Streptomyces sp. IB 2015A90-4","Streptomyces sp. IB 2015A90-4",""
"159","IB 2015A90-5","Streptomyces sp.","Streptomyces sp. IB 2015A90-5","Streptomyces sp. IB 2015A90-5",""
"160","IB 2015A90-6","","IB 2015A90-6","IB 2015A90-6",""
"161","IB 2015A90-7","Streptomyces sp.","Streptomyces sp. IB 2015A90-7","Streptomyces sp. IB 2015A90-7",""
"162","IB 2015A90-8","Streptomyces sp.","Streptomyces sp. IB 2015A90-8","Streptomyces sp. IB 2015A90-8",""
"163","IB 2015A90-9","Streptomyces sp.","Streptomyces sp. IB 2015A90-9","Streptomyces sp. IB 2015A90-9",""
"164","IB 2015A90-31HS","Streptomyces sp.","Streptomyces sp. IB 2015A90-31HS","Streptomyces sp. IB 2015A90-31HS",""
"165","IB 2015A90-21","Streptomyces sp.","Streptomyces sp. IB 2015A90-21","Streptomyces sp. IB 2015A90-21",""
"166","IB 2015A90-28","Streptomyces sp.","Streptomyces sp. IB 2015A90-28","Streptomyces sp. IB 2015A90-28",""
"167","IB 2015A90-11HS","Streptomyces sp.","Streptomyces sp. IB 2015A90-11HS","Streptomyces sp. IB 2015A90-11HS",""
"168","IB 2015A90-22HS","Streptomyces sp.","Streptomyces sp. IB 2015A90-22HS","Streptomyces sp. IB 2015A90-22HS",""
"169","IB 2015A90-33HS","Streptomyces sp.","Streptomyces sp. IB 2015A 90-33HS","Streptomyces sp. IB 2015A 90-33HS",""
"170","IB 2015A90-20","Streptomyces sp.","Streptomyces sp. IB 2015A90-20","Streptomyces sp. IB 2015A90-20",""
"171","IB 2015A90-13HS","Streptomyces sp.","Streptomyces sp. IB 2015A90-13HS","Streptomyces sp. IB 2015A90-13HS",""
"172","IB 2015A90-16","Streptomyces sp.","Streptomyces sp. IBA90-16","Streptomyces sp. IBA90-16",""
"173","IB 2015A91-1","Streptomyces sp.","Streptomyces sp. IB 2015A91-1","Streptomyces sp. IB 2015A91-1",""
"174","IB 2015A91-2","Actinomadura sp.","Actinomadura sp. IB 2015A91-2","Actinomadura sp. IB 2015A91-2",""
"175","IB 2015A91-10","Streptosporangium sp.","Streptosporangium sp. IB 2015A91-10","Streptosporangium sp. IB 2015A91-10",""
"176","IB 2015A91-4HS","Streptomyces sp.","Streptomyces sp. IB 2015A91-4HS","Streptomyces sp. IB 2015A91-4HS",""
"177","IB 2015A91-3","Micromonospora sp.","Micromonospora sp. IB 2015A91-3","Micromonospora sp. IB 2015A91-3",""
"178","IB 2015A91-6HS","Streptomyces sp.","Streptomyces  sp. IB 2015A91-6HS","Streptomyces  sp. IB 2015A91-6HS",""
"179","IB 2019U35-8HS","Streptomyces sp.","Streptomyces sp.IB 2018U35-8HS","Streptomyces sp.IB 2018U35-8HS",""
"180","IB 2019U35-10HS","Streptomyces sp.","Streptomyces sp. IB 2019U35-10HS","Streptomyces sp. IB 2019U35-10HS",""
"181","IB 2015A 91-7HS","Streptomyces sp.","Streptomyces sp. IB 2015A 91-7HS","Streptomyces sp. IB 2015A 91-7HS",""
"182","IB 2015A91-5","Streptomyces sp.","Streptomyces  sp. IB 2015A91-5","Streptomyces  sp. IB 2015A91-5",""
"183","IB 2015A92-1","Micromonospora sp.","Micromonospora sp. IB 2015A92-1","Micromonospora sp. IB 2015A92-1",""
"184","IB 2015A92-2","","IB 2015A92-2","IB 2015A92-2",""
"185","IB 2015A92-3","","IB 2015A92-3","IB 2015A92-3",""
"186","IB 2015A92-4","Streptomyces sp.","Streptomyces sp. IB 2015A92-4","Streptomyces sp. IB 2015A92-4",""
"187","IB 2015A93-1","Streptomyces sp.","Streptomyces sp. IB 2015A93-1","Streptomyces sp. IB 2015A93-1",""
"188","IB 2015A93-2","Rhodococcus sp.","Rhodococcus sp. IB 2015A93-2","Rhodococcus sp. IB 2015A93-2",""
"189","IB 2015A93-3","","IB 2015A93-3","IB 2015A93-3",""
"190","IB 2015A93-4","","IB 2015A93-4","IB 2015A93-4",""
"191","IB 2015A93-5","Streptacidiphilus sp.","Streptacidiphilus sp. IB 2015A93-5","Streptacidiphilus sp. IB 2015A93-5",""
"192","IB 2015A93-6","","IB 2015A93-6","IB 2015A93-6",""
"193","IB 2015A93-7","","IB 2015A93-7","IB 2015A93-7",""
"194","IB 2015A93-8","","IB 2015A93-8","IB 2015A93-8",""
"195","IB 2015A93-9","","IB 2015A93-9","IB 2015A93-9",""
"196","IB 2015A93-10","","IB 2015A93-10","IB 2015A93-10",""
"197","IB 2015A93-11","Streptomyces sp.","Streptomyces sp.IB 2015A93-11","Streptomyces sp.IB 2015A93-11",""
"198","IB 2015A93-12","","IB 2015A93-12","IB 2015A93-12",""
"199","IB 2015A93-13","Streptomyces sp.","Streptomyces sp. IB 2015A93-13","Streptomyces sp. IB 2015A93-13",""
"200","IB 2015A93-14","Streptomyces sp.","Streptomyces sp. IB 2015A93-14","Streptomyces sp. IB 2015A93-14",""
"201","IB 2015A93-20HS","Streptomyces sp.","Streptomyces sp. IB 2015A93-20HS","Streptomyces sp. IB 2015A93-20HS",""
"202","IB 2015A93-15HS","Streptomyces sp.","Streptomyces sp. IB 2015A93-15HS","Streptomyces sp. IB 2015A93-15HS",""
"203","IB 2015A93-18HS","Streptomyces sp.","Streptomyces sp. IB 2015A93-18HS","Streptomyces sp. IB 2015A93-18HS",""
"204","IB 2015A93-21HS","Streptomyces sp.","Streptomyces sp. IB 2015A93-21HS","Streptomyces sp. IB 2015A93-21HS",""
"205","IB 2015A93-17HS","Streptomyces sp.","Streptomyces sp. IB 2015A93-17HS","Streptomyces sp. IB 2015A93-17HS",""
"206","IB 2015A93-19HS","Streptomyces sp.","Streptomyces sp. IB 2015A93-19HS","Streptomyces sp. IB 2015A93-19HS",""
"207","IB 2015A94-4HS","Streptomyces sp.","Streptomyces sp.IB 2015A94-4HS","Streptomyces sp.IB 2015A94-4HS",""
"208","IB 2015A94-1","Streptomyces sp.","Streptomyces sp. IB 2015A94-1","Streptomyces sp. IB 2015A94-1",""
"209","IB 2015A94-2","Streptomyces sp.","Streptomyces sp. IB 2015A94-2","Streptomyces sp. IB 2015A94-2",""
"210","IB 2015A94-5","Micromonospora sp.","Micromonospora sp. IB 2015A94-5","Micromonospora sp. IB 2015A94-5",""
"211","IB 2019U25-4HS","Streptomyces sp.","Streptomyces sp. IB 2019U25-4HS","Streptomyces sp. IB 2019U25-4HS",""
"212","IB 2015A95-1","Streptomyces sp.","Streptomyces sp. IB 2015A95-1","Streptomyces sp. IB 2015A95-1",""
"213","IB 2015A95-2","Saccharopolyspora sp.","Saccharopolyspora sp. IB 2015A95-2","Saccharopolyspora sp. IB 2015A95-2",""
"214","IB 2015A95-3","Streptomyces sp.","Streptomyces sp. IB 2015A95-3","Streptomyces sp. IB 2015A95-3",""
"215","IB 2015A95-4","","IB 2015A95-4","IB 2015A95-4",""
"216","IB 2015A95-5","","IB 2015A95-5","IB 2015A95-5",""
"217","IB 2015A95-6","Streptomyces sp.","Streptomyces sp. IB 2015A95-6","Streptomyces sp. IB 2015A95-6",""
"218","IB 2015A95-7HS","Streptomyces sp.","Streptomyces sp. IB 2015A95-7HS","Streptomyces sp. IB 2015A95-7HS",""
"219","IB 2015A95-11HS","Streptomyces sp.","Streptomyces sp. IB 2015A95-11HS","Streptomyces sp. IB 2015A95-11HS",""
"220","IB 2015A95-9","Streptomyces sp.","Streptomyces sp. IB 2015A95-9","Streptomyces sp. IB 2015A95-9",""
"221","IB 2015A95-12","Streptomyces sp.","Streptomyces sp. IB 2015A95-12","Streptomyces sp. IB 2015A95-12",""
"222","IB 2015A95-14","Streptomyces sp.","Streptomyces sp. IB 2015A95-14","Streptomyces sp. IB 2015A95-14",""
"223","IB 2018U18-12","Nocardia sp.","Nocardia sp. IB 2018U18-12","Nocardia sp. IB 2018U18-12",""
"224","A95-10HS","Streptomyces sp.","Streptomyces sp. IB 2015A95-10HS","Streptomyces sp. IB 2015A95-10HS",""
"225","IB 2015 A96-1","Rhodococcus sp.","Rhodococcus sp. IB 2015 A96-1","Rhodococcus sp. IB 2015 A96-1",""
"226","IB 2015 A96-2","","IB 2015 A96-2","IB 2015 A96-2",""
"227","IB 2015 A96-3","","IB 2015 A96-3","IB 2015 A96-3",""
"228","IB 2015 A96-4","Rhodococcus sp.","Rhodococcus sp. IB 2015 A96-4","Rhodococcus sp. IB 2015 A96-4",""
"229","IB 2015 A96-5","","IB 2015 A96-5","IB 2015 A96-5",""
"230","IB 2015 A96-6","Nocardia sp.","Nocardia sp. IB 2015 A96-6","Nocardia sp. IB 2015 A96-6",""
"231","A96-7","","IB 2015 A96-7","IB 2015 A96-7",""
"232","IB 2015A96-10HS","Streptomyces sp.","Streptomyces sp. IB 2015A96-10HS","Streptomyces sp. IB 2015A96-10HS",""
"233","IB 2015A96-11","Streptomyces sp.","Streptomyces sp. IB 2015A96-11","Streptomyces sp. IB 2015A96-11",""
"234","IB 2015A96-8","Streptomyces sp.","Streptomyces sp. IB 2015A96-8","Streptomyces sp. IB 2015A96-8",""
"235","IB 2015A97-1","Rhodococcus sp.","Rhodococcus sp. IB 2015 A97-1","Rhodococcus sp. IB 2015 A97-1",""
"236","IB 2015A97-6","Micromonospora sp.","Micromonospora sp. IB 2015 A97-6","Micromonospora sp. IB 2015 A97-6",""
"237","IB 2015A97-4HS","Streptomyces sp.","Streptomyces sp. IB 2015A97-4HS","Streptomyces sp. IB 2015A97-4HS",""
"238","IB 2015A97-3","Micromonospora sp.","Micromonospora sp. IB 2015A97-3","Micromonospora sp. IB 2015A97-3",""
"239","IB 2015A97-2HS","Streptomyces sp.","Streptomyces sp. IB 2015A97-2HS","Streptomyces sp. IB 2015A97-2HS",""
"240","IB 2015A97-7","Micromonospora sp.","Micromonospora sp. IB 2015A97-7","Micromonospora sp. IB 2015A97-7",""
"241","IB 2015A98-1","Streptomyces sp.","Streptomyces sp. IB 2015 A98-1","Streptomyces sp. IB 2015 A98-1",""
"242","IB 2015A98-4","Micromonospora sp.","Micromonospora sp. IB 2015A98-4","Micromonospora sp. IB 2015A98-4",""
"243","IB 2015A98-5HS","Streptomyces sp.","Streptomyces sp.IB 2015A98-5HS","Streptomyces sp.IB 2015A98-5HS",""
"244","IB 2015A98-3HS","Streptomyces sp.","Streptomyces sp.  IB 2015A98-3HS","Streptomyces sp.  IB 2015A98-3HS",""
"245","IB 2015A98-2HS","","IB 2015A98-2HS","IB 2015A98-2HS",""
"246","IB 2015A99-1","Streptosporangium sp.","Streptosporangium sp. IB 2015A99-1","Streptosporangium sp. IB 2015A99-1",""
"247","IB 2015A99-2","Streptomyces sp.","Streptomyces sp. IB 2015A99-2","Streptomyces sp. IB 2015A99-2",""
"248","IB 2015A99-3","Rhodococcus sp.","Rhodococcus sp. IB 2015A99-3","Rhodococcus sp. IB 2015A99-3",""
"249","IB 2015A99-4","Streptomyces sp.","Streptomyces sp. IB 2015A99-4","Streptomyces sp. IB 2015A99-4",""
"250","IB 2015A100-1","Streptomyces sp.","Streptomyces sp. IB 2015A100-1","Streptomyces sp. IB 2015A100-1",""
"251","IB 2015A100-2","Streptomyces sp.","Streptomyces sp. IB 2015A100-2","Streptomyces sp. IB 2015A100-2",""
"252","IB 2015A100-3","Streptomyces sp.","Streptomyces sp. IB 2015A100-3","Streptomyces sp. IB 2015A100-3",""
"253","IB 2015A100-4","Streptomyces sp.","Streptomyces sp. IB 2015A100-4","Streptomyces sp. IB 2015A100-4",""
"254","IB 2015A100-11","Streptomyces sp.","Streptomyces sp. IB 2015 A100-11","Streptomyces sp. IB 2015 A100-11",""
"255","IB 2015A100-5","Streptomyces sp.","Streptomyces sp.IB 2015 A100-5","Streptomyces sp.IB 2015 A100-5",""
"256","IB 2015A100-9HS","Streptomyces sp.","Streptomyces sp. IB 2015A100-9HS","Streptomyces sp. IB 2015A100-9HS",""
"257","IB 2015A100-12HS","Streptomyces sp.","Streptomyces sp. IB 2015A100-12HS","Streptomyces sp. IB 2015A100-12HS",""
"258","IB 2015A100-8","Streptomyces sp.","Streptomyces sp. IB 2015A100-8","Streptomyces sp. IB 2015A100-8",""
"259","IB 2015A100-10HS","Streptomyces sp.","Streptomyces sp. IB 2015A100-10HS","Streptomyces sp. IB 2015A100-10HS",""
"260","IB 2016G78-1","","IB 2016G78-1","IB 2016G78-1",""
"261","IB 2015 A100-7HS","","IB2015 A100-7HS","IB2015 A100-7HS",""
"262","IB 2015 A100-7HS","","IB 2015 A100-7HS","IB 2015 A100-7HS",""
"263","IB2018U33-1","","IB2018U33-1","IB2018U33-1",""
"264","IB 2018U18-13","Streptomyces sp.","Streptomyces sp. IB 2018U18-13","Streptomyces sp. IB 2018U18-13",""
"265","IB2015R28-1HS100","Streptomyces sp.","Streptomyces sp. IB2015R28-1HS100","Streptomyces sp. IB2015R28-1HS100",""
"266","IB 2018U35-7HS","Streptomyces sp.","Streptomyces sp. IB 2018U35-7HS","Streptomyces sp. IB 2018U35-7HS",""
"267","IB 2016R78-15HS","","IB 2016R78-15HS","IB 2016R78-15HS",""
"268","IB 2018P33-1","Streptomyces sp.","Streptomyces sp.  IB 2018P33-1","Streptomyces sp.  IB 2018P33-1",""
"269","IB 2016G35-2HS","Streptomyces sp.","Streptomyces sp. IB 2016G35-2HS","Streptomyces sp. IB 2016G35-2HS",""
"270","IB 2016G18-3HS","Streptomyces sp.","Streptomyces sp. IB 2016G18-3HS","Streptomyces sp. IB 2016G18-3HS",""
"271","IB 2016G35-3HS","Streptomyces sp.","Streptomyces sp. IB 2016G35-3HS","Streptomyces sp. IB 2016G35-3HS",""
"272","IB 2015I1-3","","IB 2015I1-3","IB 2015I1-3",""
"273","IB 2015I3-1","Streptomyces sp.","Streptomyces sp. IB 2015I3-1","Streptomyces sp. IB 2015I3-1",""
"274","IB 2015I4-1","Saccharopolyspora sp.","Saccharopolyspora sp.IB 2015I4-1","Saccharopolyspora sp.IB 2015I4-1",""
"275","IB 2015I4-2","Saccharopolyspora sp.","Saccharopolyspora sp. IB 2015I4-2","Saccharopolyspora sp. IB 2015I4-2",""
"276","IB 2015I6-1","","IB 2015I6-1","IB 2015I6-1",""
"277","IB 2015I6-2","Streptomyces sp.","Streptomyces sp. IB 2015I6-2","Streptomyces sp. IB 2015I6-2",""
"278","IB 2015I7-1","Streptomyces sp.","Streptomyces sp.  IB 2015I7-1","Streptomyces sp.  IB 2015I7-1",""
"279","IB 2015I7-2","Streptomyces sp.","Streptomyces sp.  IB 2015I7-2","Streptomyces sp.  IB 2015I7-2",""
"280","IB 2015I7-3","Rhodococcus sp.","Rhodococcus sp. IB 2015I7-3","Rhodococcus sp. IB 2015I7-3",""
"281","IB 2015I8-1","Streptomyces sp.","Streptomyces sp.  IB 2015I8-1","Streptomyces sp.  IB 2015I8-1","RCAM04729"
"282","IB 2015I9-1","Streptomyces sp.","Streptomyces sp. IB 2015I9-1","Streptomyces sp. IB 2015I9-1","RCAM04735"
"283","IB 2015I9-2","Nonomuraea sp.","Nonomuraea sp. IB 2015I9-2","Nonomuraea sp. IB 2015I9-2","RCAM04748"
"284","IB 2015I10-2","Sacharopolyspora sp.","Sacharopolyspora sp. IB 2015I10-2","Sacharopolyspora sp. IB 2015I10-2","RCAM04749"
"285","IB 2015I12-1","Micromonospora sp.","Micromonospora sp.IB 2015I12-1","Micromonospora sp.IB 2015I12-1","RCAM04747"
"286","IB 2015I12-2","Streptomyces sp.","Streptomyces sp.IB 2015I12-2","Streptomyces sp.IB 2015I12-2","RCAM04738"
"287","IB 2015I19-2","Streptomyces sp.","Streptomyces sp.  IB 2015I19-2","Streptomyces sp.  IB 2015I19-2",""
"288","IB 2018U18-1","Streptomyces sp.","Streptomyces sp. IB 2018U18-2","Streptomyces sp. IB 2018U18-2",""
"289","IB 2018U18-2","Streptomyces sp.","Streptomyces sp. IB 2018U18-2","Streptomyces sp. IB 2018U18-2",""
"290","IB 2018U18-3","Streptomyces sp.","Streptomyces sp. IB 2018U18-3","Streptomyces sp. IB 2018U18-3",""
"291","IB 2018U18-3","Streptomyces sp.","Streptomyces sp. IB 2018U18-4","Streptomyces sp. IB 2018U18-4",""
"292","IB 2018U18-4","Micromonospora sp.","Micromonospora sp. IB 2018U18-4","Micromonospora sp. IB 2018U18-4",""
"293","IB 2018U18-5","Streptomyces sp.","Streptomyces sp. IB 2014I18-5","Streptomyces sp. IB 2014I18-5",""
"294","IB 2018U18-6","Streptomyces sp.","Streptomyces sp. IB 2018U18-6","Streptomyces sp. IB 2018U18-6",""
"295","IB 2018U18-7","Streptomyces sp.","Streptomyces sp. IB 2018U18-7","Streptomyces sp. IB 2018U18-7",""
"296","IB 2018U18-8","Streptomyces sp.","Streptomyces sp. IB 2018U18-8","Streptomyces sp. IB 2018U18-8",""
"297","IB 2018U18-9","Streptomyces sp.","Streptomyces sp. IB 2018U18-9","Streptomyces sp. IB 2018U18-9",""
"298","IB 2018U18-10","Streptomyces sp.","Streptomyces sp. IB 2018U18-10","Streptomyces sp. IB 2018U18-10",""
"299","IB 2018U18-11","Streptomyces sp.","Streptomyces sp. IB 2018U18-11","Streptomyces sp. IB 2018U18-11",""
"300","IB2018U99-1","Streptomyces sp.","Streptomyces sp. IB 2018U99-1","Streptomyces sp. IB 2018U99-1",""
"301","IB 2018U35-1HS","Streptomyces sp.","Streptomyces sp.IB 2018U35-1HS","Streptomyces sp.IB 2018U35-1HS",""
"302","IB 2015I20-1","","IB 2015I20-1","IB 2015I20-1",""
"303","IB 2015I20-3","Streptomyces sp.","Streptomyces sp.  IB 2015I20-3","Streptomyces sp.  IB 2015I20-3",""
"304","IB 2015I23-1","Streptomyces sp.","Streptomyces sp.  IB 2015I23-1","Streptomyces sp.  IB 2015I23-1",""
"305","IB 2018U25-2HS","Streptomyces sp.","Streptomyces sp.IB 2018U25-2HS","Streptomyces sp.IB 2018U25-2HS",""
"306","IB 2014I28-1","Microbacterium sp.","Microbacterium sp. IB 2014I28-1","Microbacterium sp. IB 2014I28-1",""
"307","IB 2015I32-1","Janibacter sp.","Janibacter sp. IB 2015I32-1","Janibacter sp. IB 2015I32-1",""
"308","IB 2018U33-7","Streptomyces sp.","Streptomyces sp. IB 2018U33-7","Streptomyces sp. IB 2018U33-7",""
"309","IB 2018U33-2","Streptomyces sp.","Streptomyces sp. IB 2018U33-2","Streptomyces sp. IB 2018U33-2",""
"310","IB 2018U33-3","Micromonospora sp.","Micromonospora sp. IB 2018U33-3","Micromonospora sp. IB 2018U33-3",""
"311","IB2019U13-1","","IB2019U13-1","IB2019U13-1",""
"312","IB 2018U33-5HS","Micromonospora sp.","Micromonospora sp. IB 2018U33-5HS","Micromonospora sp. IB 2018U33-5HS",""
"313","IB 2018U33-6HS","Streptomyces sp.","Streptomyces sp. IB 2018U33-6HS","Streptomyces sp. IB 2018U33-6HS",""
"314","IB 2018U33-11HS","Streptomyces sp.","Streptomyces sp. IB 2018U33-11HS","Streptomyces sp. IB 2018U33-11HS",""
"315","IB 2018U33-12HS","Streptomyces sp.","Streptomyces sp. IB 2018U33-12HS","Streptomyces sp. IB 2018U33-12HS",""
"316","IB 2018U33-14HS","Rhodococcus sp.","Rhodococcus sp. IB 2018U33-14HS","Rhodococcus sp. IB 2018U33-14HS",""
"317","IB 2018U33-15HS","Streptomyces sp.","Streptomyces sp. IB 2018U33-15HS","Streptomyces sp. IB 2018U33-15HS",""
"318","IB 2015I34-1","Rhodococcus sp.","Rhodococcus sp.IB 2015I34-1","Rhodococcus sp.IB 2015I34-1",""
"319","IB 2015I24-1","","IB 2015I24-1","IB 2015I24-1",""
"320","IB 2019U35-1","Streptomyces sp.","Streptomyces sp. IB 2019U35-1","Streptomyces sp. IB 2019U35-1",""
"321","IB 2019U16-2","","IB 2019U16-2","IB 2019U16-2",""
"322","IB 2018U35-6HS","Rhodococcus sp.","Rhodococcus sp. IB 2018U35-6HS","Rhodococcus sp. IB 2018U35-6HS",""
"323","IB 2018U35-9HS","Micromonospora sp.","Micromonospora sp.IB 2018U35-9HS","Micromonospora sp.IB 2018U35-9HS",""
"324","IB 2018U35-5HS","Streptomyces sp.","Streptomyces sp. IB 2018U35-5HS","Streptomyces sp. IB 2018U35-5HS",""
"325","IB 2018U35-4HS","Streptomyces sp.","Streptomyces sp. IB 2018U35-4HS","Streptomyces sp. IB 2018U35-4HS",""
"326","IB 2015I36-1","Streptomyces sp.","Streptomyces sp.  IB 2015I36-1","Streptomyces sp.  IB 2015I36-1",""
"327","IB 2015I36-2","Streptomyces sp.","Streptomyces sp. IB 2015I36-2","Streptomyces sp. IB 2015I36-2",""
"328","IB 2014I73-1","Streptomyces sp.","Streptomyces sp. IB 2014I73-1","Streptomyces sp. IB 2014I73-1",""
"329","IB 2014I73-1HS","Streptomyces sp.","Streptomyces sp. IB 2014I73-1HS","Streptomyces sp. IB 2014I73-1HS",""
"330","IB 2014I74-1","Streptomyces sp.","Streptomyces sp. IB 2014I74-1","Streptomyces sp. IB 2014I74-1",""
"331","IB 2014I74-2","Streptomyces sp.","Streptomyces sp. IB 2014I74-2","Streptomyces sp. IB 2014I74-2",""
"332","IB 2014I74-3","Streptomyces sp.","Streptomyces sp. IB 2014I74-3","Streptomyces sp. IB 2014I74-3","RCAM04093"
"333","IB2019U10-1","","IB2019U10-1","IB2019U10-1",""
"334","IB2019U10-2","","IB2019U10-2","IB2019U10-2",""
"335","IB 2014I73-2HS","Streptomyces sp.","Streptomyces sp. IB 2014I73-2HS","Streptomyces sp. IB 2014I73-2HS",""
"336","IB 2014I 74-4","Streptomyces sp.","Streptomyces sp. IB 2014I74-4","Streptomyces sp. IB 2014I74-4",""
"337","IB 2014I 74-5","Streptomyces sp.","Streptomyces sp. IB 2014I74-5","Streptomyces sp. IB 2014I74-5",""
"338","IB 2014I74-1HS","Streptomyces sp.","Streptomyces sp. IB 2014I74-1HS","Streptomyces sp. IB 2014I74-1HS",""
"339","IB 2014I74-2HS","Streptomyces sp.","Streptomyces sp. IB 2014I74-2HS","Streptomyces sp. IB 2014I74-2HS",""
"340","IB 2014I74-3HS","Streptomyces sp.","Streptomyces sp.  IB 2014I74-3HS","Streptomyces sp.  IB 2014I74-3HS",""
"341","IB 2014I74-4HS","Streptomyces sp.","Streptomyces sp. IB 2014I74-4HS","Streptomyces sp. IB 2014I74-4HS",""
"342","IB 2014I74-6HS","Streptomyces sp.","Streptomyces sp. IB 2014I74-6HS","Streptomyces sp. IB 2014I74-6HS",""
"343","IB 2014I74-7HS","Streptomyces sp.","Streptomyces sp. IB 2014I74-7HS","Streptomyces sp. IB 2014I74-7HS",""
"344","IB 2014I75-1","Streptomyces sp.","Streptomyces sp. IB 2014I75-1","Streptomyces sp. IB 2014I75-1",""
"345","IB 2014I75-1HS","Streptomyces sp.","Streptomyces sp. IB 2014I75-1HS","Streptomyces sp. IB 2014I75-1HS",""
"346","IB 2014I75-2HS","Streptomyces sp.","Streptomyces sp. IB 2014I75-2HS","Streptomyces sp. IB 2014I75-2HS",""
"347","IB 2014I75-4HS","Streptomyces sp.","Streptomyces sp. IB 2014I75-4HS","Streptomyces sp. IB 2014I75-4HS",""
"348","IB 2014I76-2HS","Rhodococcus sp.","Rhodococcus sp.IB 2014I76-2HS","Rhodococcus sp.IB 2014I76-2HS","RCAM04094"
"349","IB 2014I76-7HS","Micromonospora sp.","Micromonospora sp.IB 2014I76-7HS","Micromonospora sp.IB 2014I76-7HS","RCAM04096"
"350","IB 2014I77-1","Streptomyces sp.","Streptomyces sp. IB 2014I77-1","Streptomyces sp. IB 2014I77-1",""
"351","IB 2014I77-2","Amycolatopsis sp.","Amycolatopsis sp.IB 2014I77-2","Amycolatopsis sp.IB 2014I77-2","RCAM04097"
"352","IB 2014I77-6HS","Micromonospora sp.","Micromonospora sp.IB 2014I77-6HS","Micromonospora sp.IB 2014I77-6HS","RCAM04095"
"353","IB 2014I78-1","Streptomyces sp.","Streptomyces sp. IB 2014I78-1","Streptomyces sp. IB 2014I78-1",""
"354","IB 2014I78-2","Streptomyces sp.","Streptomyces sp. IB 2014I78-2","Streptomyces sp. IB 2014I78-2",""
"355","IB 2014I78-3","Streptomyces sp.","Streptomyces sp. IB 2014I78-3","Streptomyces sp. IB 2014I78-3",""
"356","IB 2014I78-4","","IB 2014I78-4","IB 2014I78-4",""
"357","IB 2014I78-6","Streptomyces sp.","Streptomyces sp. IB 2014I78-6","Streptomyces sp. IB 2014I78-6",""
"358","IB 2014I78-7","Streptomyces sp.","Streptomyces sp. IB 2014I78-7","Streptomyces sp. IB 2014I78-7",""
"359","IB 2014I 78-8","Streptomyces sp.","Streptomyces sp. IB 2014I78-8","Streptomyces sp. IB 2014I78-8","RCAM03472"
"360","IB 2014I78-9","Streptomyces sp.","Streptomyces sp. IB 2014I78-9","Streptomyces sp. IB 2014I78-9",""
"361","IB 2014I78-10","Streptomyces sp.","Streptomyces sp. IB 2014I78-10","Streptomyces sp. IB 2014I78-10",""
"362","IB 2014I78-11","Streptomyces sp.","Streptomyces sp. IB 2014I78-11","Streptomyces sp. IB 2014I78-11",""
"363","IB 2014I78-12","Streptomyces sp.","Streptomyces sp. IB 2014I78-12","Streptomyces sp. IB 2014I78-12",""
"364","IB 2014I78-14","","IB 2014I78-14","IB 2014I78-14",""
"365","IB 2014I79-1","Nocardia sp.","Nocardia sp. IB 2014I79-1","Nocardia sp. IB 2014I79-1","RCAM04743"
"366","IB 2014I79-3","Nocardiopsis sp.","Nocardiopsis sp. IB 2014I79-3","Nocardiopsis sp. IB 2014I79-3",""
"367","IB 2014I 79-4","Nocardia sp.","Nocardia sp. IB 2014I79-4","Nocardia sp. IB 2014I79-4","RCAM04744"
"368","IB 2014I79-5","Nocardiopsis sp.","Nocardiopsis sp. IB 2014I79-5","Nocardiopsis sp. IB 2014I79-5",""
"369","IB 2014I 79-2HS","Nocardia sp.","Nocardia sp. IB 2014I79-2HS","Nocardia sp. IB 2014I79-2HS",""
"370","IB 2014I79-3HS","Nocardia sp.","Nocardia sp. IB 2014I79-3HS","Nocardia sp. IB 2014I79-3HS","RCAM04742"
"371","IB 2014I 88-1","Streptomyces sp.","Streptomyces sp. IB 2014I88-1","Streptomyces sp. IB 2014I88-1","RCAM04727"
"372","IB 2014I 88-2","Streptomyces sp.","Streptomyces sp. IB 2014I88-2","Streptomyces sp. IB 2014I88-2","RCAM04736"
"373","IB 2014I 88-3","Streptomyces sp.","Streptomyces sp. IB 2014I88-3","Streptomyces sp. IB 2014I88-3","RCAM04732"
"374","IB 2014I 88-4","Streptomyces sp.","Streptomyces sp. IB 2014I88-4","Streptomyces sp. IB 2014I88-4","RCAM04730"
"375","IB 2014I 88-6","Streptomyces sp.","Streptomyces sp. IB 2014I88-6","Streptomyces sp. IB 2014I88-6","RCAM04739"
"376","IB 2014I 88-7","Streptomyces sp.","Streptomyces sp. IB 2014I88-7","Streptomyces sp. IB 2014I88-7",""
"377","IB 2014I88-8","Streptomyces sp.","Streptomyces sp. IB 2014I88-8","Streptomyces sp. IB 2014I88-8",""
"378","IB 2014I88-1HS","Nocardia sp.","Nocardia sp. IB 2014I88-1HS","Nocardia sp. IB 2014I88-1HS",""
"379","IB 2014I88-2HS","Streptomyces sp.","Streptomyces sp. IB 2014I88-2HS","Streptomyces sp. IB 2014I88-2HS","RCAM04740"
"380","IB 2014I88-3HS","Streptomyces sp.","Streptomyces IB 2014I88-3HS","Streptomyces IB 2014I88-3HS","RCAM04734"
"381","IB 2014I88-4HS","Streptomyces sp.","Streptomyces IB 2014I88-4HS","Streptomyces IB 2014I88-4HS",""
"382","IB 2014I88-6HS","Streptomyces sp.","StreptomycesIB 2014I88-6HS","StreptomycesIB 2014I88-6HS","RCAM04728"
"383","IB 2018U99-5","Streptomyces sp.","Streptomyces sp. IB 2018U99-5","Streptomyces sp. IB 2018U99-5",""
"384","IB 2018U99-4","Streptomyces sp.","Streptomyces sp. IB 2018U99-4","Streptomyces sp. IB 2018U99-4",""
"385","IB2019K1-1","","IB2019K1-1","IB2019K1-1",""
"386","IB2019K2-1","","IB2019K2-1","IB2019K2-1",""
"387","IB 2018U99-3HS","Streptomyces sp.","Streptomyces sp. IB 2018U99-3HS","Streptomyces sp. IB 2018U99-3HS",""
"388","IB 2014I100-1","Nocardia sp.","Nocardia sp. IB 2014I100-1","Nocardia sp. IB 2014I100-1",""
"389","IB 2014I100-2","Nocardia sp.","Nocardia sp. IB 2014I100-2","Nocardia sp. IB 2014I100-2",""
"390","IB 2014I100-3","Nocardia sp.","Nocardia sp. IB 2014I100-3","Nocardia sp. IB 2014I100-3",""
"391","IB 2014I100-4","Nocardia sp.","Nocardia sp. IB 2014I100-4","Nocardia sp. IB 2014I100-4",""
"392","IB 2014I100-5","Nocardia sp.","Nocardia sp. IB 2014I100-5","Nocardia sp. IB 2014I100-5","RCAM 03475"
"393","IB 2014I100-1HS","Nocardia sp.","Nocardia sp. IB 2014I100-1HS","Nocardia sp. IB 2014I100-1HS",""
"394","IB 2014I100-2HS","Nocardia sp.","Nocardia sp. IB 2014I100-2HS","Nocardia sp. IB 2014I100-2HS",""
"395","IB 2014I100-3HS","Nocardia sp.","Nocardia sp. IB 2014I100-3HS","Nocardia sp. IB 2014I100-3HS",""
"396","IB 2018U99-9HS","Streptomyces sp.","Streptomyces sp. IB 2018U99-9HS","Streptomyces sp. IB 2018U99-9HS",""
"397","IB 2015G33-1HS","Streptomyces sp.","Streptomyces sp. IB 2015G33-1HS","Streptomyces sp. IB 2015G33-1HS",""
"398","IB 2016G78-2","","IB 2016G78-2","IB 2016G78-2",""
"399","IB 2016S40-2","Streptomyces sp.","Streptomyces sp.IB 2016S40-2","Streptomyces sp.IB 2016S40-2",""
"400","IB 2016S40-1","","IB 2016S40-1","IB 2016S40-1",""
"401","IB 2016S42-1","Streptomyces sp.","Streptomyces sp. IB 2016S42-1","Streptomyces sp. IB 2016S42-1",""
"402","IB 2016S42-1HS","","IB 2016S42-1HS","IB 2016S42-1HS",""
"403","IB 2016S41-2","Streptomyces sp.","Streptomyces sp.IB 2016S41-2","Streptomyces sp.IB 2016S41-2",""
"404","IB 2016G99-2","Streptomyces sp.","Streptomyces sp.IB 2016G99-2","Streptomyces sp.IB 2016G99-2",""
"405","IB 2015I39-1HS","","IB 2015I39-1HS","IB 2015I39-1HS",""
"406","IB 2015I37-1","Streptomyces sp.","Streptomyces sp. IB 2015I37-1","Streptomyces sp. IB 2015I37-1",""
"407","IB 2015I37-2HS","Streptomyces sp.","Streptomyces sp. IB 2015I37-2HS","Streptomyces sp. IB 2015I37-2HS",""
"408","IB 2015I37-3HS","Streptomyces sp.","Streptomyces sp. IB 2015I37-3HS","Streptomyces sp. IB 2015I37-3HS",""
"409","IB 2015I37-4","","IB 2015I37-4","IB 2015I37-4",""
"410","IB2017D11-1","Streptomyces sp.IB2017D11-1","IB2017D11-1","IB2017D11-1",""
"411","IB2017D11-2","Streptomyces sp.","Streptomyces sp. IB2017D11-2","Streptomyces sp. IB2017D11-2",""
"412","IB2017D16-1HS","Rhodococcus sp.","Rhodococcus sp.IB2017D16-1HS","Rhodococcus sp.IB2017D16-1HS",""
"413","IB2017M44-1","","IB2017M44-1","IB2017M44-1",""
"414","IB2017M44-2","","IB2017M44-2","IB2017M44-2",""
"415","IB2017M45-1(AIA)","","IB2017M45-1(AIA)","IB2017M45-1(AIA)",""
"416","IB2017M45-2(MS)","","IB2017M45-2(MS)","IB2017M45-2(MS)",""
"417","IB2017M78-1","","IB2017M78-1","IB2017M78-1",""
"418","IB2017M78-2","","IB2017M78-2","IB2017M78-2",""
"419","IB2017M78-3","","IB2017M78-3","IB2017M78-3",""
"420","IB2017M78-7","","IB2017M78-7","IB2017M78-7",""
"421","IB2015P10-1","Pseudonocardia sp.","Pseudonocardia sp. IB2015P10-1","Pseudonocardia sp. IB2015P10-1","RCAM04751"
"422","IB2015P11-1","Micromonospora sp.","Micromonospora sp. IB2015P11-1","Micromonospora sp. IB2015P11-1","-"
"423","IB2015P11-2","Micromonospora sp.","Micromonospora sp. IB2015P11-2","Micromonospora sp. IB2015P11-2","RCAM04746"
"424","IB2015P11-3","Streptomyces sp.","Streptomyces sp. IB2015P11-3","Streptomyces sp. IB2015P11-3","-"
"425","IB2015P11-4","Micromonospora sp.","Micromonospora sp. IB2015P11-4","Micromonospora sp. IB2015P11-4","-"
"426","IB2015P14-2","Amylocatopsis sp.","Amylocatopsis sp. IB2015P14-2","Amylocatopsis sp. IB2015P14-2","RCAM04750"
"427","IB2015P20-1","","IB2015P20-1","IB2015P20-1","-"
"428","IB2015P20-2","","IB2015P20-2","IB2015P20-2","-"
"429","IB2015P22-1","","IB2015P22-1","IB2015P22-1","-"
"430","IB2015P22-2","","IB2015P22-2","IB2015P22-2","-"
"431","IB2015P22-3","Pseudonocardia sp.","Pseudonocardia sp. IB2015P22-3","Pseudonocardia sp. IB2015P22-3","-"
"432","IB2015P22-4","Streptomyces sp.","Streptomyces sp. IB2015P22-4","Streptomyces sp. IB2015P22-4","-"
"433","IB2015P23-1","","IB2015P23-1","IB2015P23-1","-"
"434","IB2015P25-1","","IB2015P25-1","IB2015P25-1","-"
"435","IB2015P28-1","","IB2015P28-1","IB2015P28-1","-"
"436","IB2015P28-2","","IB2015P28-2","IB2015P28-2","-"
"437","IB2015P28-3","","IB2015P28-3","IB2015P28-3","-"
"438","IB2015P31-1","","IB2015P31-1","IB2015P31-1","-"
"439","IB2015P32-2","Micromonospora sp.","Micromonospora sp. IB2015P32-2","Micromonospora sp. IB2015P32-2","-"
"440","IB 2014I79-1HS","Nocardia sp.","Nocardia sp. IB 2014I79-1HS","Nocardia sp. IB 2014I79-1HS",""
"441","IB2015P35-1","","IB2015P35-1","IB2015P35-1","-"
"442","IB2015P36-1","Streptomyces sp.","Streptomyces sp. IB2015P36-1","Streptomyces sp. IB2015P36-1","-"
"443","IB2015P36-2","","IB2015P36-2","IB2015P36-2","-"
"444","IB2015P37-1","Streptomyces sp.","Streptomyces sp. IB2015P37-1","Streptomyces sp. IB2015P37-1","-"
"445","IB2015P38-1","","IB2015P38-1","IB2015P38-1","-"
"446","IB2015P38-2","Micromonospora sp.","Micromonospora sp. IB2015P38-2","Micromonospora sp. IB2015P38-2","-"
"447","IB2015P38-3","","IB2015P38-3","IB2015P38-3","-"
"448","IB2015P38-4","","IB2015P38-4","IB2015P38-4","-"
"449","IB2015P38-5","Streptomyces sp.","Streptomyces sp. IB2015P38-5","Streptomyces sp. IB2015P38-5","-"
"450","IB2015P38-6","","IB2015P38-6","IB2015P38-6","-"
"451","IB2015P39-1","","IB2015P39-1","IB2015P39-1","-"
"452","IB2015P39-2","","IB2015P39-2","IB2015P39-2","-"
"453","IB2015P39-3","","IB2015P39-3","IB2015P39-3","-"
"454","IB2015P39-4","","IB2015P39-4","IB2015P39-4","-"
"455","IB2015P50-1","","IB2015P50-1","IB2015P50-1","-"
"456","IB2015P51-1","","IB2015P51-1","IB2015P51-1","-"
"457","IB2015P51-2","","IB2015P51-2","IB2015P51-2","-"
"458","IB2015P60-1","Streptomyces sp.","Streptomyces sp. IB2015P60-1","Streptomyces sp. IB2015P60-1","-"
"459","IB2015P60-2","Streptomyces sp.","Streptomyces sp. IB2015P60-2","Streptomyces sp. IB2015P60-2","-"
"460","IB2015P60-3","Streptomyces sp.","Streptomyces sp. IB2015P60-3","Streptomyces sp. IB2015P60-3","-"
"461","IB2015P60-1HS","Streptomyces sp.","Streptomyces sp. IB2015P60-1HS","Streptomyces sp. IB2015P60-1HS","-"
"462","IB2015P60-2HS","Streptomyces sp.","Streptomyces sp. IB2015P60-2HS","Streptomyces sp. IB2015P60-2HS","-"
"463","IB2015P61-1","Micromonospora sp.","Micromonospora sp. IB2015P61-1","Micromonospora sp. IB2015P61-1","-"
"464","IB2015P61-3","Streptomyces sp.","Streptomyces sp. IB2015P61-3","Streptomyces sp. IB2015P61-3","-"
"465","IB2015P62-1HS","Pseudonocardia sp.","Pseudonocardia sp. IB2015P62-1HS","Pseudonocardia sp. IB2015P62-1HS","-"
"466","IB2015P63-1HS","Streptomyces sp.","Streptomyces sp. IB2015P63-1HS","Streptomyces sp. IB2015P63-1HS","-"
"467","IB2015P64-1","Streptomyces sp.","Streptomyces sp. IB2015P64-1","Streptomyces sp. IB2015P64-1","-"
"468","IB2015P64-2","Streptomyces sp.","Streptomyces sp. IB2015P64-2","Streptomyces sp. IB2015P64-2","-"
"469","IB2015P65-1","Streptomyces sp.","Streptomyces sp. IB2015P65-1","Streptomyces sp. IB2015P65-1","-"
"470","IB2015P66-2","Streptomyces sp.","Streptomyces sp. IB2015P66-2","Streptomyces sp. IB2015P66-2","-"
"471","IB2015P67-2","Streptomyces sp.","Streptomyces sp. IB2015P67-2","Streptomyces sp. IB2015P67-2","-"
"472","IB2015P69-1","Streptomyces sp.","Streptomyces sp. IB2015P69-1","Streptomyces sp. IB2015P69-1","-"
"473","IB2015P81-1","","IB2015P81-1","IB2015P81-1","-"
"474","IB2015P81-2","Streptomyces sp.","Streptomyces sp. IB2015P81-2","Streptomyces sp. IB2015P81-2","-"
"475","IB2015P81-3","Streptomyces sp.","Streptomyces sp. IB2015P81-3","Streptomyces sp. IB2015P81-3","-"
"476","IB2015P81-4","","IB2015P81-4","IB2015P81-4","-"
"477","IB2015P81-5","","IB2015P81-5","IB2015P81-5","-"
"478","IB2015P82-1","","IB2015P82-1","IB2015P82-1","-"
"479","IB2015P82-2","","IB2015P82-2","IB2015P82-2","-"
"480","IB2015P82-3","","IB2015P82-3","IB2015P82-3","-"
"481","IB2015P83-1","","IB2015P83-1","IB2015P83-1","-"
"482","IB2015P84-1","","IB2015P84-1","IB2015P84-1","-"
"483","IB2015P86-1","","IB2015P86-1","IB2015P86-1","-"
"484","IB2015P90-1","","IB2015P90-1","IB2015P90-1","-"
"485","IB2015P90-2","","IB2015P90-2","IB2015P90-2","-"
"486","IB2015P91-1","Streptomyces sp.","Streptomyces sp. IB2015P91-1","Streptomyces sp. IB2015P91-1","-"
"487","IB2015P91-2","","IB2015P91-2","IB2015P91-2","-"
"488","IB2015P91-3","Pseudonocardia sp.","Pseudonocardia sp. IB2015P91-3","Pseudonocardia sp. IB2015P91-3","-"
"489","IB2015P92-1","","IB2015P92-1","IB2015P92-1","-"
"490","IB2015P92-2","","IB2015P92-2","IB2015P92-2","-"
"491","IB2015P93-1","Streptomyces sp.","Streptomyces sp. IB2015P93-1","Streptomyces sp. IB2015P93-1","-"
"492","IB2015P93-2","","IB2015P93-2","IB2015P93-2","-"
"493","IB2015P93-3","","IB2015P93-3","IB2015P93-3","-"
"494","IB2015P94-1","","IB2015P94-1","IB2015P94-1","-"
"495","IB2015P94-2","","IB2015P94-2","IB2015P94-2","-"
"496","IB2015P95-1","Streptomyces sp.","Streptomyces sp. IB2015P95-1","Streptomyces sp. IB2015P95-1","-"
"497","IB2015P95-2","","IB2015P95-2","IB2015P95-2","-"
"498","IB2015P96-1","","IB2015P96-1","IB2015P96-1","-"
"499","IB2015P96-2","","IB2015P96-2","IB2015P96-2","-"
"500","IB2015P96-3","","IB2015P96-3","IB2015P96-3","-"
"501","IB2015P97-1","","IB2015P97-1","IB2015P97-1","-"
"502","IB2015P97-2","","IB2015P97-2","IB2015P97-2","-"
"503","IB2015P97-3","Streptomyces sp.","Streptomyces sp. IB2015P97-3","Streptomyces sp. IB2015P97-3","-"
"504","IB2015P97-4","","IB2015P97-4","IB2015P97-4","-"
"505","IB2015P102-1","Streptomyces sp.","Streptomyces sp. IB2015P102-1","Streptomyces sp. IB2015P102-1","-"
"506","IB2015P104-1","Streptomyces sp.","Streptomyces sp. IB2015P104-1","Streptomyces sp. IB2015P104-1","-"
"507","IB2015P113-1","Streptomyces sp.","Streptomyces sp. IB2015P113-1","Streptomyces sp. IB2015P113-1","-"
"508","IB2015P113-2","Streptomyces sp.","Streptomyces sp. IB2015P113-2","Streptomyces sp. IB2015P113-2","-"
"509","IB2015P113-3","Streptomyces sp.","Streptomyces sp. IB2015P113-3","Streptomyces sp. IB2015P113-3","-"
"510","IB2015P113-4","Streptomyces sp.","Streptomyces sp. IB2015P113-4","Streptomyces sp. IB2015P113-4","-"
"511","IB2015P113-5","Streptomyces sp.","Streptomyces sp. IB2015P113-5","Streptomyces sp. IB2015P113-5","-"
"512","IB2015P113-6","Streptomyces sp.","Streptomyces sp. IB2015P113-6","Streptomyces sp. IB2015P113-6","-"
"513","IB2015P113-7","Streptomyces sp.","Streptomyces sp. IB2015P113-7","Streptomyces sp. IB2015P113-7","-"
"514","IB2015P113-8","Streptomyces sp.","Streptomyces sp. IB2015P113-8","Streptomyces sp. IB2015P113-8","-"
"515","IB2015P113-9","Streptomyces sp.","Streptomyces sp. IB2015P113-9","Streptomyces sp. IB2015P113-9","-"
"516","IB2015P113-10","Streptomyces sp.","Streptomyces sp. IB2015P113-10","Streptomyces sp. IB2015P113-10","-"
"517","IB2015P113-11","Streptomyces sp.","Streptomyces sp. IB2015P113-11","Streptomyces sp. IB2015P113-11","-"
"518","IB2015P113-12","Streptomyces sp.","Streptomyces sp. IB2015P113-12","Streptomyces sp. IB2015P113-12","-"
"519","IB2015P113-13","Streptomyces sp.","Streptomyces sp. IB2015P113-13","Streptomyces sp. IB2015P113-13","-"
"520","IB2015P113-14","Streptomyces sp.","Streptomyces sp. IB2015P113-14","Streptomyces sp. IB2015P113-14","-"
"521","IB2015P113-15","Streptomyces sp.","Streptomyces sp. IB2015P113-15","Streptomyces sp. IB2015P113-15","-"
"522","IB2015P113-16","Streptomyces sp.","Streptomyces sp. IB2015P113-16","Streptomyces sp. IB2015P113-16","-"
"523","IB2015P114-1","Streptomyces sp.","Streptomyces sp. IB2015P114-1","Streptomyces sp. IB2015P114-1","-"
"524","IB2015P114-2","Streptomyces sp.","Streptomyces sp. IB2015P114-2","Streptomyces sp. IB2015P114-2","-"
"525","IB2015P117-1","Streptomyces sp.","Streptomyces sp. IB2015P117-1","Streptomyces sp. IB2015P117-1","-"
"526","IB2015P118-1","Streptomyces sp.","Streptomyces sp. IB2015P118-1","Streptomyces sp. IB2015P118-1","-"
"527","IB2015P119-1","Streptomyces sp.","Streptomyces sp. IB2015P119-1","Streptomyces sp. IB2015P119-1","-"
"528","IB2015P119-2","Streptomyces sp.","Streptomyces sp. IB2015P119-2","Streptomyces sp. IB2015P119-2","-"
"529","IB2015P119-3","Streptomyces sp.","Streptomyces sp. IB2015P119-3","Streptomyces sp. IB2015P119-3","-"
"530","IB2015P119-4","","IB2015P119-4","IB2015P119-4","-"
"531","IB2015P119-5","Streptomyces sp.","Streptomyces sp. IB2015P119-5","Streptomyces sp. IB2015P119-5","-"
"532","IB2015P122-1","Streptomyces sp.","Streptomyces sp. IB2015P122-1","Streptomyces sp. IB2015P122-1","-"
"533","IB2015P129-1","Streptomyces sp.","Streptomyces sp. IB2015P129-1","Streptomyces sp. IB2015P129-1","-"
"534","IB2015P129-2","","IB2015P129-2","IB2015P129-2","-"
"535","IB2015P130-1","","IB2015P130-1","IB2015P130-1","-"
"536","IB2015P130-2","Micromonospora sp.","Micromonospora sp. IB2015P130-2","Micromonospora sp. IB2015P130-2","-"
"537","IB2015P138-1","Streptomyces sp.","Streptomyces sp. IB2015P138-1","Streptomyces sp. IB2015P138-1","-"
"538","B2015P138-2","Streptomyces sp.","Streptomyces sp. IB2015P138-2","Streptomyces sp. IB2015P138-2","RCAM04731"
"539","IB2015P139-2","Streptomyces sp.","Streptomyces sp. IB2015P139-2","Streptomyces sp. IB2015P139-2","-"
"540","IB2015P141-1","Streptomyces sp.","Streptomyces sp. IB2015P141-1","Streptomyces sp. IB2015P141-1","RCAM04733"
"541","IB2015P142-1","Streptomyces sp.","Streptomyces sp. IB2015P142-1","Streptomyces sp. IB2015P142-1","-"
"542","IB2015P143-1","Streptomyces sp.","Streptomyces sp. IB2015P143-1","Streptomyces sp. IB2015P143-1","-"
"543","IB2015P143-2","Streptomyces sp.","Streptomyces sp. IB2015P143-2","Streptomyces sp. IB2015P143-2","RCAM04737"
"544","IB2015P143-3","Streptomyces sp.","Streptomyces sp. IB2015P143-3","Streptomyces sp. IB2015P143-3","-"
"545","IB2015P145-1","","IB2015P145-1","IB2015P145-1","-"
"546","IB2015P145-2","","IB2015P145-2","IB2015P145-2","-"
"547","IB2015P145-3","","IB2015P145-3","IB2015P145-3","-"
"548","IB2015P146-1","","IB2015P146-1","IB2015P146-1","-"
"549","IB2015P146-2","","IB2015P146-2","IB2015P146-2","-"
"550","IB2015P146-1HS","","IB2015P146-1HS","IB2015P146-1HS","-"
"551","IB2015P147-1","","IB2015P147-1","IB2015P147-1","-"
"552","IB2015P147-2","","IB2015P147-2","IB2015P147-2","-"
"553","IB2015P147-3","","IB2015P147-3","IB2015P147-3","-"
"554","IB2015P147-1HS","","IB2015P147-1HS","IB2015P147-1HS","-"
"555","IB2015P148-1","","IB2015P148-1","IB2015P148-1","-"
"556","IB2015P148-3","","IB2015P148-3","IB2015P148-3","-"
"557","IB2015P148-4","","IB2015P148-4","IB2015P148-4","-"
"558","IB2015P149-1HS","","IB2015P149-1HS","IB2015P149-1HS","-"
"559","IB2015P149-2HS","","IB2015P149-2HS","IB2015P149-2HS","-"
"560","IB2015P150-1","","IB2015P150-1","IB2015P150-1","-"
"561","IB2015P150-2","","IB2015P150-2","IB2015P150-2","-"
"562","IB2015P150-3","","IB2015P150-3","IB2015P150-3","-"
"563","IB2015P150-4","","IB2015P150-4","IB2015P150-4","-"
"564","IB2015P151-1","","IB2015P151-1","IB2015P151-1","-"
"565","IB2015P151-3","","IB2015P151-3","IB2015P151-3","-"
"566","IB2015P151-1HS","","IB2015P151-1HS","IB2015P151-1HS","-"
"567","IB2015P155-1","","IB2015P155-1","IB2015P155-1","-"
"568","IB2015P156-1","","IB2015P156-1","IB2015P156-1","-"
"569","IB2015P156-2","","IB2015P156-2","IB2015P156-2","-"
"570","IB2015P157-1","","IB2015P157-1","IB2015P157-1","-"
"571","IB2015P161-1","","IB2015P161-1","IB2015P161-1","-"
"572","IB2015P161-2","","IB2015P161-2","IB2015P161-2","-"
"573","IB2015P166-1","","IB2015P166-1","IB2015P166-1","-"
"574","IB2015P166-2","","IB2015P166-2","IB2015P166-2","-"
"575","IB2015P172-1","","IB2015P172-1","IB2015P172-1","-"
"576","IB2015P175-1","","IB2015P175-1","IB2015P175-1","-"
"577","IB2015P175-2","","IB2015P175-2","IB2015P175-2","-"
"578","IB2015P180-1","","IB2015P180-1","IB2015P180-1","-"
"579","IB2015P180-2","","IB2015P180-2","IB2015P180-2","-"
"580","IB2015P183-1","","IB2015P183-1","IB2015P183-1","-"
"581","IB2015P183-2","","IB2015P183-2","IB2015P183-2","-"
"582","IB2015P184-1","","IB2015P184-1","IB2015P184-1","-"
"583","IB2015P184-2","","IB2015P184-2","IB2015P184-2","-"
"584","IB2015P185-1","","IB2015P185-1","IB2015P185-1","-"
"585","IB2015P185-2","","IB2015P185-2","IB2015P185-2","-"
"586","IB2015P186-1","","IB2015P186-1","IB2015P186-1","-"
"587","IB2015P186-2","","IB2015P186-2","IB2015P186-2","-"
"588","IB2015P186-3","","IB2015P186-3","IB2015P186-3","-"
"589","IB2015P187-1","","IB2015P187-1","IB2015P187-1","-"
"590","IB2015P189-1","","IB2015P189-1","IB2015P189-1","-"
"591","IB2015P189-2","","IB2015P189-2","IB2015P189-2","-"
"592","IB2015P189-3","","IB2015P189-3","IB2015P189-3","-"
"593","IB2015P190-1","","IB2015P190-1","IB2015P190-1","-"
"594","IB2015P190-2","","IB2015P190-2","IB2015P190-2","-"
"595","IB2015P191-1","","IB2015P191-1","IB2015P191-1","-"
"596","IB2015P191-2","","IB2015P191-2","IB2015P191-2","-"
"597","IB2015P192-1","","IB2015P192-1","IB2015P192-1","-"
"598","IB2015P192-2","","IB2015P192-2","IB2015P192-2","-"
"599","IB2015P193-1","","IB2015P193-1","IB2015P193-1","-"
"600","IB2015P193-2","","IB2015P193-2","IB2015P193-2","-"
"601","IB2015P194-1","","IB2015P194-1","IB2015P194-1","-"
"602","IB2015P195-1","","IB2015P195-1","IB2015P195-1","-"
"603","IB2015P195-2","","IB2015P195-2","IB2015P195-2","-"
"604","IB2015P195-3","","IB2015P195-3","IB2015P195-3","-"
"605","IB2015P195-4","","IB2015P195-4","IB2015P195-4","-"
"606","IB2015P196-1","","IB2015P196-1","IB2015P196-1","-"
"607","IB2015P196-2","","IB2015P196-2","IB2015P196-2","-"
"608","IB2015P196-3","","IB2015P196-3","IB2015P196-3","-"
"609","IB2015P196-4","","IB2015P196-4","IB2015P196-4","-"
"610","IB2015P197-1","","IB2015P197-1","IB2015P197-1","-"
"611","IB2015P197-2","","IB2015P197-2","IB2015P197-2","-"
"612","IB2015P197-3","","IB2015P197-3","IB2015P197-3","-"
"613","IB2015P197-4","","IB2015P197-4","IB2015P197-4","-"
"614","IB2015P197-5","","IB2015P197-5","IB2015P197-5","-"
"615","IB2015P199-1","","IB2015P199-1","IB2015P199-1","-"
"616","IB2015P199-2","","IB2015P199-2","IB2015P199-2","-"
"617","IB2015P199-3","","IB2015P199-3","IB2015P199-3","-"
"618","IB2015P200-1","","IB2015P200-1","IB2015P200-1","-"
"619","IB2015P200-3","","IB2015P200-3","IB2015P200-3","-"
"620","IB2015P201-1","","IB2015P201-1","IB2015P201-1","-"
"621","IB2015P201-2","","IB2015P201-2","IB2015P201-2","-"
"622","IB2015P202-1","","IB2015P202-1","IB2015P202-1","-"
"623","IB2015P202-2","","IB2015P202-2","IB2015P202-2","-"
"624","IB2015P204-1","","IB2015P204-1","IB2015P204-1","-"
"625","IB2015P209-1","","IB2015P209-1","IB2015P209-1","-"
"626","IB2015P209-2","","IB2015P209-2","IB2015P209-2","-"
"627","IB2015P209-3","","IB2015P209-3","IB2015P209-3","-"
"628","IB2015P210-1","","IB2015P210-1","IB2015P210-1","-"
"629","IB2015P211-1","","IB2015P211-1","IB2015P211-1","-"
"630","IB2015P211-2","","IB2015P211-2","IB2015P211-2","-"
"631","IB2015P211-3","","IB2015P211-3","IB2015P211-3","-"
"632","IB2015P211-4","","IB2015P211-4","IB2015P211-4","-"
"633","IB2015P212-1","","IB2015P212-1","IB2015P212-1","-"
"634","IB2015P212-1HS","","IB2015P212-1HS","IB2015P212-1HS","-"
"635","IB2015P212-2HS","","IB2015P212-2HS","IB2015P212-2HS","-"
"636","IB2015P212-3HS","","IB2015P212-3HS","IB2015P212-3HS","-"
"637","IB2015P213-1HS","","IB2015P213-1HS","IB2015P213-1HS","-"
"638","IB2015P214-1","","IB2015P214-1","IB2015P214-1","-"
"639","IB2015P214-2","","IB2015P214-2","IB2015P214-2","-"
"640","IB2015P214-3","","IB2015P214-3","IB2015P214-3","-"
"641","IB2015P218-1","","IB2015P218-1","IB2015P218-1","-"
"642","IB2015P223-1","","IB2015P223-1","IB2015P223-1","-"
"643","IB2015P227-1","","IB2015P227-1","IB2015P227-1","-"
"644","IB2015P228-1","","IB2015P228-1","IB2015P228-1","-"
"645","IB2015P229-1","","IB2015P229-1","IB2015P229-1","-"
"646","IB2015P229-2","","IB2015P229-2","IB2015P229-2","-"
"647","IB2015P229-1HS","","IB2015P229-1HS","IB2015P229-1HS","-"
"648","IB2015P230-1","","IB2015P230-1","IB2015P230-1","-"
"649","IB2015P233-1","","IB2015P233-1","IB2015P233-1","-"
"650","IB2015P233-1HS","","IB2015P233-1HS","IB2015P233-1HS","-"
"651","IB2015P235-1","","IB2015P235-1","IB2015P235-1","-"
"652","IB2015P235-2","","IB2015P235-2","IB2015P235-2","-"
"653","IB2015P235-1HS","","IB2015P235-1HS","IB2015P235-1HS","-"
"654","IB2015P236-1","","IB2015P236-1","IB2015P236-1","-"
"655","IB2015P246-1HS","","IB2015P246-1HS","IB2015P246-1HS","-"
"656","IB2015P248-1","","IB2015P248-1","IB2015P248-1","-"
"657","IB2015P248-2","","IB2015P248-2","IB2015P248-2","-"
"658","IB2015P249-1","","IB2015P249-1","IB2015P249-1","-"
"659","IB2015P249-2","","IB2015P249-2","IB2015P249-2","-"
"660","IB2015P249-1HS","","IB2015P249-1HS","IB2015P249-1HS","-"
"661","IB2015P250-1","","IB2015P250-1","IB2015P250-1","-"
"662","IB2015P250-2","","IB2015P250-2","IB2015P250-2","-"
"663","IB2015P252-1","","IB2015P252-1","IB2015P252-1","-"
"664","IB2015P253-1","","IB2015P253-1","IB2015P253-1","-"
"665","IB2015P253-2","","IB2015P253-2","IB2015P253-2","-"
"666","IB2015P255-1","","IB2015P255-1","IB2015P255-1","-"
"667","IB2015P255-2","","IB2015P255-2","IB2015P255-2","-"
"668","IB2015P255-1HS","","IB2015P255-1HS","IB2015P255-1HS","-"
"669","IB2015P256-1","","IB2015P256-1","IB2015P256-1","-"
"670","IB2015P256-2","","IB2015P256-2","IB2015P256-2","-"
"671","IB2015P256-1HS","","IB2015P256-1HS","IB2015P256-1HS","-"
"672","IB2015P257-1HS","","IB2015P257-1HS","IB2015P257-1HS","-"
"673","IB2015P260-1","","IB2015P260-1","IB2015P260-1","-"
"674","IB2015P261-1","","IB2015P261-1","IB2015P261-1","-"
"675","IB2015P261-1HS","","IB2015P261-1HS","IB2015P261-1HS","-"
"676","IB2015P261-2HS","","IB2015P261-2HS","IB2015P261-2HS","-"
"677","IB2015P262-2","","IB2015P262-2","IB2015P262-2","-"
"678","IB2015P262-1HS","","IB2015P262-1HS","IB2015P262-1HS","-"
"679","IB2015P262-2HS","","IB2015P262-2HS","IB2015P262-2HS","-"
"680","IB2016P266-1","","IB2016P266-1","IB2016P266-1","-"
"681","IB2016P267-1","","IB2016P267-1","IB2016P267-1","-"
"682","IB2016P269-1","","IB2016P269-1","IB2016P269-1","-"
"683","IB2016P269-2","","IB2016P269-2","IB2016P269-2","-"
"684","IB2016P270-1","","IB2016P270-1","IB2016P270-1","-"
"685","IB2016P270-2","","IB2016P270-2","IB2016P270-2","-"
"686","IB2016P271-1","","IB2016P271-1","IB2016P271-1","-"
"687","IB2016P272-1","","IB2016P272-1","IB2016P272-1","-"
"688","IB2016P273-1","","IB2016P273-1","IB2016P273-1","-"
"689","IB2016P275-1","","IB2016P275-1","IB2016P275-1","-"
"690","IB2016P295-1","","IB2016P295-1","IB2016P295-1","-"
"691","IB2016P296-1","","IB2016P296-1","IB2016P296-1","-"
"692","IB2016P301-1","","IB2016P301-1","IB2016P301-1","-"
"693","IB2016P308-1","","IB2016P308-1","IB2016P308-1","-"
"694","IB2016P308-2","","IB2016P308-2","IB2016P308-2",""
"695","IB2016P315-1","","IB2016P315-1","IB2016P315-1","-"
"696","IB2016P315-2","","IB2016P315-2","IB2016P315-2","-"
"697","IB2016P318-1","","IB2016P318-1","IB2016P318-1","-"
"698","IB2016P328-1","Streptomyces sp.","Streptomyces sp. IB2016P328-1","Streptomyces sp. IB2016P328-1","-"
"699","IB2016P328-2","Streptomyces sp.","Streptomyces sp. IB2016P328-2","Streptomyces sp. IB2016P328-2","-"
"700","IB2016P328-3","Streptomyces sp.","Streptomyces sp. IB2016P328-3","Streptomyces sp. IB2016P328-3","-"
"701","IB2016P328-4","Streptomyces sp.","Streptomyces sp. IB2016P328-4","Streptomyces sp. IB2016P328-4","-"
"702","IB2016P328-5","Streptomyces sp.","Streptomyces sp. IB2016P328-5","Streptomyces sp. IB2016P328-5","-"
"703","IB2016P328-6","Streptomyces sp.","Streptomyces sp. IB2016P328-6","Streptomyces sp. IB2016P328-6","-"
"704","IB2016P328-7","Streptomyces sp.","Streptomyces sp. IB2016P328-7","Streptomyces sp. IB2016P328-7","-"
"705","IB2016P329-1","Streptomyces sp.","Streptomyces sp. IB2016P329-1","Streptomyces sp. IB2016P329-1","-"
"706","IB2016P329-2","Streptomyces sp.","Streptomyces sp. IB2016P329-2","Streptomyces sp. IB2016P329-2","-"
"707","IB2016P330-1","Streptomyces sp.","Streptomyces sp. IB2016P330-1","Streptomyces sp. IB2016P330-1","-"
"708","IB2016P330-2","Streptomyces sp.","Streptomyces sp. IB2016P330-2","Streptomyces sp. IB2016P330-2","-"
"709","IB2016P330-3","Streptomyces sp.","Streptomyces sp. IB2016P330-3","Streptomyces sp. IB2016P330-3","-"
"710","IB2016P331-1","Streptomyces sp.","Streptomyces sp. IB2016P331-1","Streptomyces sp. IB2016P331-1","-"
"711","IB2016P332-1","Streptomyces sp.","Streptomyces sp. IB2016P332-1","Streptomyces sp. IB2016P332-1","-"
"712","IB2016P332-2","Pseudonocardia sp.","Pseudonocardia sp. IB2016P332-2","Pseudonocardia sp. IB2016P332-2","-"
"713","IB2016P333-1","Pseudonocardia sp.","Pseudonocardia sp. IB2016P333-1","Pseudonocardia sp. IB2016P333-1","RCAM04745"
"714","IB2016P333-2","Streptomyces sp.","Streptomyces sp. IB2016P333-2","Streptomyces sp. IB2016P333-2","-"
"715","IB2016P333-3","Streptomyces sp.","Streptomyces sp. IB2016P333-3","Streptomyces sp. IB2016P333-3","-"
"716","IB2016P334-2","Streptomyces sp.","Streptomyces sp. IB2016P334-2","Streptomyces sp. IB2016P334-2","-"
"717","IB2016P334-3","Streptomyces sp.","Streptomyces sp. IB2016P334-3","Streptomyces sp. IB2016P334-3","-"
"718","IB2016P335-1","","IB2016P335-1","IB2016P335-1","-"
"719","IB2016P336-1","","IB2016P336-1","IB2016P336-1","-"
"720","IB2016P336-2","","IB2016P336-2","IB2016P336-2","-"
"721","IB2016P337-1","","IB2016P337-1","IB2016P337-1","-"
"722","IB2016P339-1","","IB2016P339-1","IB2016P339-1","-"
"723","IB2016P345-1","","IB2016P345-1","IB2016P345-1","-"
"724","IB2016P346-1","","IB2016P346-1","IB2016P346-1","-"
"725","IB2016P347-1HS","","IB2016P347-1HS","IB2016P347-1HS","-"
"726","IB2016P348-1HS","","IB2016P348-1HS","IB2016P348-1HS","-"
"727","IB2016P349-1","","IB2016P349-1","IB2016P349-1","-"
"728","IB2016P349-2","","IB2016P349-2","IB2016P349-2","-"
"729","IB2016P350-1","","IB2016P350-1","IB2016P350-1","-"
"730","IB2016P350-1HS","","IB2016P350-1HS","IB2016P350-1HS","-"
"731","IB2016P351-1HS","","IB2016P351-1HS","IB2016P351-1HS","-"
"732","IB2016P353-1","","IB2016P353-1","IB2016P353-1","-"
"733","IB2016P353-2","","IB2016P353-2","IB2016P353-2","-"
"734","IB2016P353-3","","IB2016P353-3","IB2016P353-3","-"
"735","IB2018P428-4","","IB2018P428-4","IB2018P428-4",""
"736","IB2018P431-3","","IB2018P431-3","IB2018P431-3",""
"737","IB2018P428-5","","IB2018P428-5","IB2018P428-5",""
"738","IB2018P413-1","","IB2018P413-1","IB2018P413-1",""
"739","IB2018P410-1","","IB2018P410-1","IB2018P410-1",""
"740","IB2018P422-1","","IB2018P422-1","IB2018P422-1",""
"741","IB2018P426-1","","IB2018P426-1","IB2018P426-1",""
"742","IB2018P428-9","","IB2018P428-9","IB2018P428-9",""
"743","IB2018P427-3","","IB2018P427-3","IB2018P427-3",""
"744","IB2018P412-1","","IB2018P412-1","IB2018P412-1",""
"745","IB2018P353-8","","IB2016P353-8","IB2016P353-8",""
"746","IB2018P409-1","","IB2018P409-1","IB2018P409-1",""
"747","IB2016P331-2","","IB2016P331-2","IB2016P331-2",""
"748","IB2018P333-4","","IB2018P333-4","IB2018P333-4",""
"749","IB2018P418-1","","IB2018P418-1","IB2018P418-1",""
"750","IB2018P431-8","","IB2018P431-8","IB2018P431-8",""
"751","IB2018P330-4","","IB2018P330-4","IB2018P330-4",""
"752","IB2018P431-6","","IB2018P431-6","IB2018P431-6",""
"753","IB2018P431-4","","IB2018P431-4","IB2018P431-4",""
"754","IB2018P433-1","","IB2018P433-1","IB2018P433-1",""
"755","IB2018P431-1","","IB2018P431-1","IB2018P431-1",""
"756","IB2018P431-7","","IB2018P431-7","IB2018P431-7",""
"757","IB2019K3-1","","IB2019K3-1","IB2019K3-1",""
"758","IB2019K3-2","","IB2019K3-2","IB2019K3-2",""
"759","IB2019K3-3","","IB2019K3-3","IB2019K3-3",""
"760","IB2018P432-1","","IB2018P432-1","IB2018P432-1",""
"761","IB2018P426-4","","IB2018P426-4","IB2018P426-4",""
"762","IB2018P426-2","","IB2018P426-2","IB2018P426-2",""
"763","IB2018P426-3","","IB2018P426-3","IB2018P426-3",""
"764","IB2018P427-4","","IB2018P427-4","IB2018P427-4",""
"765","IB2018P427-5","","IB2018P427-5","IB2018P427-5",""
"766","IB2018P427-6","","IB2018P427-6","IB2018P427-6",""
"767","IB2018P427-7","","IB2018P427-7","IB2018P427-7",""
"768","IB2018P427-8","","IB2018P427-8","IB2018P427-8",""
"769","IB2018P427-9","","IB2018P427-9","IB2018P427-9",""
"770","IB2018P396","","IB2018P396","IB2018P396",""
"771","IB2018P397-1","","IB2018P397-1","IB2018P397-1",""
"772","IB2018U52-1","","IB2018U52-1","IB2018U52-1",""
"773","IB2018U52-3","","IB2018U52-3","IB2018U52-3",""
"774","IB2018U52-4","","IB2018U52-4","IB2018U52-4",""
"775","IB2018U53-1","","IB2018U53-1","IB2018U53-1",""
"776","IB2018U53-2","","IB2018U53-2","IB2018U53-2",""
"777","IB2018U2-2","","IB2018U2-2","IB2018U2-2",""
"778","IB2018U2-3","","IB2018U2-3","IB2018U2-3",""
"779","IB2018U3-4","","IB2018U3-4","IB2018U3-4",""
"780","IB2018U3-5","","IB2018U3-5","IB2018U3-5",""
"781","IB2018P427-10","","IB2018P427-10","IB2018P427-10",""
"782","IB2018U18-1An","Streptomyces sp.","Streptomyces sp. IB2018U18-1An","Streptomyces sp. IB2018U18-1An",""
"783","IB2018U25-1An","Streptomyces sp.","Streptomyces sp. IB2018U25-1An","Streptomyces sp. IB2018U25-1An",""
"784","IB2018U25-2An","Streptomyces sp.","Streptomyces sp. IB2018U25-2An","Streptomyces sp. IB2018U25-2An",""
"785","IB2018U25-1HSAn","Streptomyces sp.","Streptomyces sp. IB2018U25-1HSAn","Streptomyces sp. IB2018U25-1HSAn",""
"786","IB2018U99-1An","Streptomyces sp.","Streptomyces sp. IB2018U99-1An","Streptomyces sp. IB2018U99-1An",""
"787","IB2018U99-2An","Streptomyces sp.","Streptomyces sp. IB2018U99-2An","Streptomyces sp. IB2018U99-2An",""
"788","IB2018U99-3An","Streptomyces sp.","Streptomyces sp. IB2018U99-3An","Streptomyces sp. IB2018U99-3An",""
"789","IB2018U99-4HSAn","Streptomyces sp.","Streptomyces sp. IB2018U99-4HSAn","Streptomyces sp. IB2018U99-4HSAn",""
"790","IB2018U99-5HSAn","Streptomyces sp.","Streptomyces sp. IB2018U99-5HSAn","Streptomyces sp. IB2018U99-5HSAn",""
"791","IB2018U99-6HSAn","Streptomyces sp.","Streptomyces sp. IB2018U99-6HSAn","Streptomyces sp. IB2018U99-6HSAn",""
"792","IB2018U18-2HSAn","Streptomyces sp.","Streptomyces sp. IB2018U18-2HSAn","Streptomyces sp. IB2018U18-2HSAn",""
"793","IB2019K6-1","","IB2019K6-1","IB2019K6-1",""
"794","IB2019K6-2","","IB2019K6-2","IB2019K6-2",""
"795","IB2019K10-1","","IB2019K10-1","IB2019K10-1",""
"796","IB2019U16-3","","IB2019U16-3","IB2019U16-3",""
"797","IB2019U15-1","","IB2019U15-1","IB2019U15-1",""
"798","IB2019U15-2","","IB2019U15-2","IB2019U15-2",""
"799","IB2019U12-1","","IB2019U12-1","IB2019U12-1",""
"800","IB2019U12-2","","IB2019U12-2","IB2019U12-2",""
"801","IB2019U12-3","","IB2019U12-3","IB2019U12-3",""
"802","IB2019U12-4","","IB2019U12-4","IB2019U12-4",""
"803","IB2019U14-1","","IB2019U14-1","IB2019U14-1",""
"804","IB2019U14-2","","IB2019U14-2","IB2019U14-2",""
"805","IB2019U14-3","","IB2019U14-3","IB2019U14-3",""
"806","IB2019U14-4","","IB2019U14-4","IB2019U14-4",""
"807","IB2019U8-1","","IB2019U8-1","IB2019U8-1",""
"808","IB2019U8-2","","IB2019U8-2","IB2019U8-2",""
"809","IB2019U16-1","","IB2019U16-1","IB2019U16-1",""
"810","IB2019U15-3","","IB2019U15-3","IB2019U15-3",""
"811","IB2019U8-1с","","IB2019U8-1с","IB2019U8-1с",""
"812","IB2019U8-2с","","IB2019U8-2с","IB2019U8-2с",""
"813","IB2019U8-3с","","IB2019U8-3с","IB2019U8-3с",""
"814","IB2019U8-4с","","IB2019U8-4с","IB2019U8-4с",""
"815","IB2019U8-5с","","IB2019U8-5с","IB2019U8-5с",""
"816","IB2019U9-1с","","IB2019U9-1с","IB2019U9-1с",""
"817","IB2019U10-1с","","IB2019U10-1с","IB2019U10-1с",""
"818","IB2019U12-1с","","IB2019U12-1с","IB2019U12-1с",""
"819","IB2019U13-1с","","IB2019U13-1с","IB2019U13-1с",""
"820","IB2019U14-1с","","IB2019U14-1с","IB2019U14-1с",""
"821","IB2019U15-1с","","IB2019U15-1с","IB2019U15-1с",""
"822","IB2019U15-2с","","IB2019U15-2с","IB2019U15-2с",""
"823","IB2019U16-1с","","IB2019U16-1с","IB2019U16-1с",""
"824","IB2019U16-2с","","IB2019U16-2с","IB2019U16-2с",""
"825","IB2019K182-1","","IB2019К182-1","IB2019К182-1",""
"826","IB2019K190-4","","IB2019К190-4","IB2019К190-4",""
"827","IB2019K198-2","","IB2019К198-2","IB2019К198-2",""
"828","IB2019K201-3","","IB2019К201-3","IB2019К201-3",""
"829","IB2019K201-4","","IB2019К201-4","IB2019К201-4",""
"830","IB2019K203-1","","IB2019К203-1","IB2019К203-1",""
"831","IB2019KF1-1","","IB2019KF1-1","IB2019KF1-1",""
"832","IB2019KF1-2","","IB2019KF1-2","IB2019KF1-2",""
"833","IB2019KF1-3","","IB2019KF1-3","IB2019KF1-3",""
"834","IB2019KF1-4","","IB2019KF1-4","IB2019KF1-4",""
"835","IB2019KF1-5","","IB2019KF1-5","IB2019KF1-5",""
"836","IB2019KF1-6","","IB2019KF1-6","IB2019KF1-6",""
"837","IB2019KF1-7","","IB2019KF1-7","IB2019KF1-7",""
"838","IB2019KF1-8","","IB2019KF1-8","IB2019KF1-8",""
"839","IB2019KF1-9","","IB2019KF1-9","IB2019KF1-9",""
"840","IB2019M7C-2 O2","","IB2019M7C-2","IB2019M7C-2",""
"841","IB2019M10C-1 O2","","IB2019M10C-1 O2","IB2019M10C-1 O2",""
"842","IB2019M4C-1 O2","","IB2019M4C-1 O2","IB2019M4C-1 O2",""
"843","IB2019M1C-10 O2","","IB2019M1C-10 O2","IB2019M1C-10 O2",""
"844","IB2019M5C-3 O2","","IB2019M5C-3 O2","IB2019M5C-3 O2",""
"845","IB2019M10C-22 O2","","IB2019M10C-22 O2","IB2019M10C-22 O2",""
"846","IB2019M2C-1 O2","","IB2019M2C-1 O2","IB2019M2C-1 O2",""
"847","IB2019M4C-4 O2","","IB2019M4C-4 O2","IB2019M4C-4 O2",""
"848","IB2019M10C-21 O2","","IB2019M10C-21 O2","IB2019M10C-21 O2",""
"849","IB2019M9C-2 O2","","IB2019M9C-2 O2","IB2019M9C-2 O2",""
"850","IB2019M9C-4 O2","","IB2019M9C-4 O2","IB2019M9C-4 O2",""
"851","IB2019M2C-3 O2","","IB20192C-3 O2","IB20192C-3 O2",""
"852","IB2019M10C-4 O2","","IB2019M10C-4 O2","IB2019M10C-4 O2",""
"853","IB2019M10C-3 O2","","IB2019M10C-3 O2","IB2019M10C-3 O2",""
"854","IB2019M2C-2 O2","","IB2019M2C-2 O2","IB2019M2C-2 O2",""
"855","IB2019M10C-7 O2","","IB2019M10C-7 O2","IB2019M10C-7 O2",""
"856","IB2019M10C-10 O2","","IB2019M10C-10 O2","IB2019M10C-10 O2",""
"857","IB2019M10C-6 O2","","IB2019M10C-6 O2","IB2019M10C-6 O2",""
"858","IB2019M1C-1 O2","","IB2019M1C-1 O2","IB2019M1C-1 O2",""
"859","IB2019M3C-2 O2","","IB2019M3C-2 O2","IB2019M3C-2 O2",""
"860","IB2019M9C-1 O2","","IB2019M9C-1 O2","IB2019M9C-1 O2",""
"861","IB2019M10C-2 O2","","IB2019M10C-2 O2","IB2019M10C-2 O2",""
"862","IB2019M10C-5 O2","","IB2019M10C-5 O2","IB2019M10C-5 O2",""
"863","IB2019M3C-4 O2","","IB2019M3C-4 O2","IB2019M3C-4 O2",""
"864","IB2019M7C-3 O2","","IB2019M7C-3 O2","IB2019M7C-3 O2",""
"865","IB2019M10C-8 O2","","IB2019M10C-8 O2","IB2019M10C-8 O2",""
"866","IB2019M4C-3 O2","","IB2019M4C-3 O2","IB2019M4C-3 O2",""
"867","IB2019M5C-5 O2","","IB2019M5C-5 O2","IB2019M5C-5 O2",""
"868","IB2019M5C-8 O2","","IB2019M5C-8 O2","IB2019M5C-8 O2",""
"869","IB2019M6C-2 O2","","IB2019M6C-2 O2","IB2019M6C-2 O2",""
"870","IB2019M5C-1 O2","","IB2019M5C-1 O2","IB2019M5C-1 O2",""
"871","IB2019M8C-11 O2","","IB2019M8C-11 O2","IB2019M8C-11 O2",""
"872","IB2019M10C-13 O2","","IB2019M10C-13 O2","IB2019M10C-13 O2",""
"873","IB2019M4C-14 O2","","IB2019M4C-14 O2","IB2019M4C-14 O2",""
"874","IB2019M7C-12 O2","","IB2019M7C-12 O2","IB2019M7C-12 O2",""
"875","IB2019M3C-12 O2","","IB20193C-12 O2","IB20193C-12 O2",""
"876","IB2019M10C-14 O2","","IB2019M10C-14 O2","IB2019M10C-14 O2",""
"877","IB2019M6C-1 O2","","IB2019M6C-1 O2","IB2019M6C-1 O2",""
"878","IB2019KF1-17","","IB2019KF1-17","IB2019KF1-17",""
"879","IB2019KF2-3","","IB2019KF2-3","IB2019KF2-3",""
"880","IB2019KF2-4","","IB2019KF2-4","IB2019KF2-4",""
"881","IB2019KF2-5","","IB2019KF2-5","IB2019KF2-5",""